text
How,North,Park,school,security,is,changing,following,San,Bernardino,shooting,",",by,:
North,Park,Elementary,School,resumes,classes,one,week,after,deadly,shooting,-,KABC-TV
A,photograph,of,our,mission,journey,to,bring,Joy,Love,Hope,to,North,Park,Elementary,school,after,school,shooting,.
The,common-sense,additional,security,measures,implemented,at,North,Park,Elem,.,in,wake,of,should,be,applied,to,ALL,school,sites,!
North,Park,Elementary,School,is,reopening,Monday,",",a,week,after,a,deadly,shooting,on,the,San,Bernardino,campus,.
North,Park,Elementary,School,resumes,classes,one,week,after,deadly,shooting
North,Park,Elementary,School,resumes,classes,one,week,after,deadly,shooting
Los,Angeles,News,Search,LA,(,North,Park,Elementary,School,resumes,classes,one,week,after,deadly,shooting,),...,-
SB,school,reopens,after,deadly,classroom,shooting,.,at,North,Park,el,la-me-ln-san-bernardino-,school,-reopens-shootings-20170417
NEW,:,Kids,Return,To,School,At,North,Park,Elementary,In,San,Bernardino,",",CA,.,A,Week,After,A,Shooting,...,U
Kids,at,North,Park,School,in,return,today,",",week,after,deadly,classroom,shooting,.
Back,to,school,for,kids,at,North,Park,Elementary,in,.,A,fatal,shooting,happened,Monday,.,.
How,North,Park,school,security,is,changing,following,San,Bernardino,shooting
San,Bernardino,City,Unified,School,District,media,tour,of,the,school,fatal,shooting,at,North,Park,Elementary,in,San,Bernardino,",",CA.-TERRY
San,Bernardino,City,Unified,School,District,media,tour,of,the,school,fatal,shooting,at,North,Park,Elementary,in,San,Bernardino,",",CA.-TERRY,9
How,North,Park,school,security,is,changing,following,San,Bernardino,shooting
How,North,Park,school,security,is,changing,following,San,Bernardino,shooting
North,Park,Elementary,School,in,San,Bernardino,--,site,of,fatal,shooting,tragedy,--,to,re-open,Monday
First,look,inside,North,Park,Elementary,since,shooting,that,left,a,teacher,and,student,dead,.,School,opens,Monday.4p
Police,have,released,the,first,phone,call,from,North,Park,Elementary,to,police,after,the,April,th,school,shooting,.
High,school,students,create,",000",paper,cranes,for,North,Park,Elementary,after,shooting,",",by,:
Chilling,audio,of,North,Park,Elementary,School,shooting,.
A,shirt,bearing,the,name,of,North,Park,shooting,victim,",",Jonathan,Martinez,",",is,pinned,to,the,fence,of,the,elementary,school
High,school,students,create,",000",paper,cranes,for,North,Park,Elementary,after,shooting,:,SAN,BERNARDINO,>,>,...
High,school,students,create,",000",paper,cranes,for,North,Park,Elementary,after,shooting
High,school,students,create,",000",paper,cranes,for,North,Park,Elementary,after,shooting
High,school,students,create,",000",paper,cranes,for,North,Park,Elementary,after,shooting
High,school,students,create,",000",paper,cranes,for,North,Park,Elementary,after,shooting
Crews,at,work,Thursday,at,North,Park,Elementary,",",site,of,San,Bernardino,school,shooting

Crews,at,work,Thursday,at,North,Park,Elementary,",",site,of,San,Bernardino,school,shooting
Fundraiser,started,for,San,Bernardino,boy,wounded,in,North,Park,Elementary,school,shooting
Crews,at,work,Thursday,at,North,Park,Elementary,",",site,of,San,Bernardino,school,shooting
Wikipedia,pro-gun,editor,DHeyward,says,North,Park,Elementary,School,shooting,...,was,n't,a,school,shooting,!
Fundraiser,started,for,San,Bernardino,boy,wounded,in,North,Park,Elementary,school,shooting
Sup,.,Dr.,Dale,Marsden,stands,grief,stricken,at,an,April,vigil,for,the,North,Park,Elementary,School,shooting,victims,.
How,to,help,students,",",staff,at,San,Bernardino,'s,North,Park,school,shooting
How,to,help,the,students,",",staff,in,San,Bernardino,'s,North,Park,school,shooting,-,San,Bernardino,County,Sun
School,board,meeting,discusses,security,measures,following,North,Park,shooting
How,to,help,the,students,",",staff,in,San,Bernardino,'s,North,Park,school,shooting
San,Bernardino,North,Park,Elementary,School,Shooting,:,Things,You,Need,to,Know
News,:,Meeting,Focuses,on,Future,of,North,Park,School,After,Shooting
Meeting,Focuses,on,Future,of,North,Park,School,After,Shooting
Meeting,focuses,on,future,of,North,Park,School,after,shooting,",",reports
Parents,of,-Year-Old,North,Park,Elementary,School,Surviving,Shooting,Victim,Say,He,'s,Recovering,'Very,Well,'
Teddy,bear,drive,for,the,North,Park,children,.,Hang,on,little,babies,.
so,why,is,no,one,talking,about,the,north,park,elementary,school,shooting,where,the,man,shot,his,wife,&,her,special,needs,class,?,?,?,?,?
Parents,of,-Year-Old,North,Park,Elementary,School,Surviving,Shooting,Victim,Say,He,'s,Recovering,'Very,Well,',-,KTLA
I,'ll,never,understand,these,words,together,...,survivor,of,North,Park,Elementary,school,shooting,``,.,That,this,happens,is,unfathomable,.
Leon,&,Rachel,Brandy,say,their,son,Nolan,",",survivor,of,North,Park,Elementary,School,shooting,...,by
Leon,&,Rachel,Brandy,say,their,son,Nolan,",",survivor,of,North,Park,Elementary,School,shooting,",",is,recovering,very,well,.,22
Memorial,at,North,Park,Elementary,School,continues,to,grow,following,Monday,'s,deadly,shooting,that,left,dead,",",which,includes,the,shooter
Dear,Parents,and,Families,",",In,light,of,the,tragic,school,shooting,at,North,Park,Elementary,School,",",I,want,to,...
Child,Dies,After,Man,Kills,Estranged,Wife,In,Murder/Suicide,At,North,Park,School,Shooting,In,...
Teddy,bears,collected,for,students,at,North,Park,Elementary,School,in,San,Bernardino,following,deadly,shooting
[,Yahoo,News,],San,Bernardino,authorities,update,the,public,about,the,shooting,at,North,Park,School,Elementary
San,Bernardino,authorities,update,the,public,about,the,shooting,at,North,Park,School,Elementary
San,Bernardino,authorities,update,the,public,about,the,shooting,at,North,Park,School,Elementary
CSGV,Statement,on,North,Park,Elementary,School,Shooting
San,Bernardino,authorities,update,the,public,about,the,shooting,at,North,Park,School,Elementary,|
San,Bernardino,authorities,update,the,public,about,the,shooting,at,North,Park,School,Elementary
San,Bernardino,authorities,update,the,public,about,the,shooting,at,North,Park,School,Elementary,|
San,Bernardino,:,Two,Shot,Dead,in,North,Park,Elementary,School,Shooting
[,Yahoo,News,],San,Bernardino,authorities,update,the,public,about,the,shooting,at,North,Park,School,Elementary
San,Bernardino,authorities,update,the,public,about,the,shooting,at,North,Park,School,Elementary
San,Bernardino,authorities,update,the,public,about,the,shooting,at,North,Park,School,Elementary
Watch,live,:,Vigil,underway,at,North,Park,Elementary,to,honor,the,victims,of,Monday,'s,deadly,school,shooting
Hundreds,gather,at,North,Park,Elementary,School,for,vigil,in,honor,of,slain,teacher,and,student,following,school,shooting,.
Our,hearts,are,broken,'',says,North,Park,Elementary,school,'s,Principal,as,hundreds,pray,after,yesterday,'s,fatal,shooting,``
Hundreds,have,arrived,to,North,Park,Elementary,School,for,the,candlelight,vigil,planned,for,victims,in,Monday,'s,school,shooting,.
San,Bernardino,authorities,update,the,public,about,the,shooting,at,North,Park,School,Elementary
/2,Trump,&,his,team,do,n't,care,about,the,North,Park,Elementary,School,shooting,but,WE,DO,!,Tell,North,Park,you,care,.
San,Bernardino,authorities,update,the,public,about,the,shooting,at,North,Park,School,Elementary
San,Bernardino,authorities,update,the,public,about,the,shooting,at,North,Park,School,Elementary
San,Bernardino,authorities,update,the,public,about,the,shooting,at,North,Park,School,Elementary
[,Yahoo,News,],San,Bernardino,authorities,update,the,public,about,the,shooting,at,North,Park,School,Elementary
San,Bernardino,authorities,update,the,public,about,the,shooting,at,North,Park,School,Elementary,|
There,was,a,shooting,at,North,Park,School,in,San,Bernardino,",",California,which,left,dead,and,several,injured,in,...
San,Bernardino,North,Park,Elementary,School,Shooting,:,Things,You,Need,to,Know,--,--,--,--,--,--,--,--,--,--,-
Betsy,DeVos,on,the,Shooting,at,San,Bernardino,'s,North,Park,Elementary,School
San,Bernardino,authorities,update,the,public,about,the,shooting,at,North,Park,School,Elementary
San,Bernardino,shooting,:,Police,respond,to,gunfire,at,North,Park,Elementary,School,-,The,:
Memorial,at,site,of,San,Bernardino,school,shooting,grows,:,The,memorial,at,North,Park,Elementary,School,continued,...
WTF,with,startig,any,article,on,the,North,Park,Elementary,School,shooting,by,stating,that,Jonathan,Martinez,was,an,American,.,Shame,on,you,!
North,Park,Elementary,School,Remains,Closed,;,San,Bernardino,Police,Provide,Update,on,Shooting,-,KTLA
Thoughts,and,prayers,go,out,to,all,the,families,affected,by,the,North,Park,Elementary,school,shooting
North,Park,school,shooting
Orange,County,Real,Estate,News,!,North,Park,school,shooting
Orange,Co,ARTS,~,North,Park,school,shooting
New,details,about,the,man,suspected,of,shooting,his,estranged,wife,at,North,Park,Elementary,School,were,revealed,...

When,you,have,to,send,out,a,circular,to,all,of,your,schools,about,active,shooter,training,because,of,the,North,Park,shooting,yesterday,.
Student,dies,following,San,Bernardino,school,shooting,;,North,Park,teacher,killed,identified
North,Park,school,shooting
We,are,heartbroken,about,the,shooting,at,North,Park,Elementary,School,.,Our,hearts,go,out,to,everyone,affected,.
North,Park,school,shooting
Our,statement,on,the,tragic,North,Park,Elementary,School,shooting,.
North,Park,school,shooting
North,Park,school,shooting
North,Park,school,shooting
North,Park,school,shooting
North,Park,school,shooting
North,Park,school,shooting
North,Park,Elementary,School,Shooting,.,Your,thoughts,?
North,Park,Elementary,School,Shooting,.,Any,thoughts,on,that,?
Our,hearts,are,heavy,following,the,news,of,yesterday,'s,shooting,at,North,Park,Elementary,School,in,San,...
Why,is,n't,anyone,talking,about,the,North,Park,Elementary,School,shooting,?
Hitting,close,to,home,",",we,keep,the,victims,of,the,North,Park,Elementary,School,shooting,in,San,Bernardino,in,our,prayers,",",may,you,find,peace
San,Bernardino,school,shooting,leaves,North,Park,teacher,",",student,dead,",",another,student,wounded,:
OPEN,FORUM,on,shooting,in,:,My,son,goes,to,North,Park,Elementary,school,+,my,heart,dropped,...,''
San,Bernardino,school,shooting,leaves,North,Park,teacher,",",student,dead,",",another,student,wounded,/11/2017
San,Bernardino,School,Shooting,:,North,Park,Elementary,teacher,left,gunman,after,short,marriage,:
Prayers,going,out,to,the,families,affected,by,the,North,Park,Elementary,school,shooting,!
San,Bernardino,authorities,update,the,public,about,the,shooting,at,North,Park,School,Elementary
North,Park,Elementary,was,th,school,shooting,in,.,We,need,more,than,thoughts,and,prayers,.,''
.,will,hold,am,news,conference,at,headquarters,on,North,Park,Elementary,School,shooting
President,Trump,has,said,nothing,about,the,San,Bernardino,North,Park,Elementary,School,shooting
Cars,still,in,parking,lot,at,North,Park,Elem,School,in,.,Where,a,shooting,happened,.,d
San,Bernardino,'s,North,Park,Elementary,is,the,th,school,shooting,since,.,Congress,",",ignore,the,gun,lobby,.,Act,.
Boy,",",",",and,Teacher,Killed,in,California,School,Shooting,-,On,Monday,",",North,Park,Elementary,School,in,San,Berna,...
San,Bernardino,authorities,update,the,public,about,the,shooting,at,North,Park,School,Elementary
San,Bernardino,authorities,update,the,public,about,the,shooting,at,North,Park,School,Elementary
San,Bernardino,authorities,update,the,public,about,the,shooting,at,North,Park,School,Elementary
San,Bernardino,authorities,update,the,public,about,the,shooting,at,North,Park,School,Elementary
[,Yahoo,News,],San,Bernardino,authorities,update,the,public,about,the,shooting,at,North,Park,School,Elementary
Real,Americans,need,to,Report,Home,Grown,Tendencies,.,San,Bernardino,North,Park,Elementary,School,Shooting
Student,dies,following,San,Bernardino,school,shooting,;,North,Park,teacher,killed,identified
San,Bernardino,authorities,update,the,public,about,the,shooting,at,North,Park,School,Elementary,|
California,Moms,Demand,Action,responds,to,fatal,shooting,at,North,Park,Elementary,School
San,Bernardino,school,shooting,leaves,North,Park,teacher,",",student,dead,",",another,student,wounded,.
San,Bernardino,authorities,update,the,public,about,the,shooting,at,North,Park,School,Elementary
I,'m,just,sitting,here,waiting,patiently,for,you,to,tweet,about,the,North,Park,Elementary,School,shooting,...
San,Bernardino,School,Shooting,:,adults,reported,dead,at,North,Park,Elementary,via
San,Bernardino,leaves,North,",",student,",",another,stude,-,Apr,:20,AM,ET
Grief,counseling,for,North,Park,Elementary,Shooting,in,San,Bernardino,will,be,available,at,Del,Vallejo,Middle,School,Tuesday,and,Wednesday,.
Student,dies,following,San,Bernardino,school,shooting,;,North,Park,teacher,killed,identified
Another,Hoax,?,San,Bernardino,North,Park,School,Shooting
San,Bernardino,authorities,update,the,public,about,the,shooting,at,North,Park,School,Elementary
San,Bernardino,Shooting,:,Three,Killed,at,North,Park,Elementary,School
San,Bernardino,Shooting,:,Three,Killed,at,North,Park,Elementary,School
Our,hearts,go,out,to,the,families,and,school,employees,impacted,in,today,'s,shooting,at,North,Park,Elementary,in,San,Bernardino,.
Au,really,do,n't,give,af,about,us..,u,have,yet,made,had,anything,to,say,about,the,shooting,at,north,park,elementary,school
/3,Two,adults,died,in,a,shooting,Monday,in,a,classroom,at,San,Bernardino,",",California,'s,North,Park,Elementary,School,",",in,what
adults,died,in,a,classroom,shooting,at,North,Park,Elementary,School,in,San,Bernardino,",",California,",",in,what,is,believed,to,be,murder-suicide
Community,members,gather,for,a,vigil,after,the,deadly,shooting,at,North,Park,Elementary,School,in,San,Bernardino
Our,thoughts,&,are,with,the,victims,&,families,of,the,tragic,fatal,shooting,at,North,Park,Elementary,School,in
Three,people,were,killed,in,a,shooting,at,North,Park,Elementary,School,in,San,Bernardino,",",CA
I,liked,a,video
Our,thoughts,&,prayers,go,out,to,the,victims,&,families,affected,by,the,tragic,fatal,shooting,at,North,Park,Elem,.,School,in
Our,thoughts,&,prayers,are,w/,the,victims,&,families,impacted,by,the,tragic,fatal,shooting,at,North,Park,Elementary,School,in
Student,following,San,Bernardino,;,North,ide,-,Apr,:00,PM,ET
Peace,and,comfort,to,families,affected,by,North,Park,Elementary,School,shooting,in,San,Bernardino,",",CA,.
Another,Hoax,?,San,Bernardino,North,Park,School,Shooting,+,the,Fake,War,in,Syria,.
San,Bernardino,school,shooting,leaves,North,Park,teacher,",",student,dead,",",another,student,wounded
My,prayers,are,with,all,those,affected,by,the,school,shooting,at,North,Park,Elementary,.
School,shooting,at,North,Park,",",car,crashes,into,church,",",armed,man,in,Ontario,...,.,wow
San,Bernardino,authorities,update,the,public,about,the,shooting,at,North,Park,School,Elementary
San,Bernardino,authorities,update,the,public,about,the,shooting,at,North,Park,School,Elementary
My,heart,goes,out,to,the,victims,of,the,school,shooting,at,North,Park,Elementary,in,San,Bernardino,.
San,Bernardino,School,Shooting,:,adults,reported,dead,at,North,Park,Elementary,via
Our,thoughts,and,prayers,are,with,the,victims,&,their,families,of,today,'s,shooting,at,North,Park,Elementary,School,in,Strong
Vigils,planned,in,response,to,North,Park,Elementary,School,shooting
Prayers,Request,:,For,the,victims,and,families,of,the,San,Bernardino,North,Park,Elementary,School,shooting,murder,...
My,heart,goes,out,to,the,families,of,the,wounded,and,killed,during,the,North,Park,Elementary,School,shooting,.
It,'s,sad,that,nobody,at,school,really,cared,about,the,shooting,at,North,park,elementary,it,'s,like,if,we,'re,starting,to,get,used,to,it,in,SB
Vigils,planned,in,response,to,North,Park,Elementary,School,shooting
North,Park,Elementary,School,",",San,Bernardino,:,Shooting,reported,|,Circa,News
I,pray,for,the,families,affected,by,the,shooting,at,north,park,elementary,school,.
I,liked,a,video
Our,thoughts,&,prayers,are,with,the,families,affected,by,The,North,Park,School,Shooting,!,God,bless,the,community
People,gather,in,San,Bernardino,at,a,church,for,a,vigil,after,a,deadly,shooting,at,North,Park,elementary,school
Pray,for,all,those,affected,by,the,shooting,at,North,Park,Elementary,school,in,San,Bernardino,",",CA,",",this,morning,.
Photos,:,Parents,reunite,with,North,Park,students,following,school,shooting
Tragic,shooting,at,North,Park,Elementary,School,in,San,Bernardino,",",California,.
Times,reports,North,Park,students,were,later,sent,to,Cajon,High,School,after,elementary,school,shooting,.
My,prayers,go,out,to,the,victims,',families,and,to,the,children,affected,by,the,North,Park,Elementary,school,shooting,in,San,Bernardino
Student,dies,following,San,Bernardino,school,shooting,;,North,Park,teacher,killed,identified
Today,",",the,kids,school,was,locked,down,due,to,the,North,Park,Elementary,School,shooting,.,The,victim,'s,home,was,in,...
San,Bernardino,police,chief,says,shooting,at,North,Park,Elementary,School,...
Prayers,to,North,Park,Elementary,school,.,It,'s,so,sad,to,hear,about,a,shooting,happening,to,young,innocent,children
San,Bernardino,School,Shooting,:,adults,reported,dead,at,North,Park,Elementary,via
Retweeted,The,Sun,(,),:,One,student,shot,in,North,Park,Elementary,School,shooting,in,San,Bernardino,has,died,.
Student,dies,following,San,Bernardino,school,shooting,;,North,Park,teacher,killed,identified
San,Bernardino,police,chief,says,shooting,at,North,Park,Elementary,School,...
Thoughts,and,prayers,to,all,those,lost,today,and,everyone,affected,by,the,shooting,at,at,North,Park,Elementary,School,.
DEVELOPING,:,Police,confirm,shooting,on,campus,of,North,Park,Elementary,School,in,San,Bernardino,",",California
I,liked,a,video
Student,dies,following,San,Bernardino,school,shooting,;,North,Park,teacher,killed,identified
Student,dies,following,San,Bernardino,school,shooting,;,North,Park,teacher,killed,identified
-year-old,",",Jonathan,Martinez,died,after,being,shot,in,North,Park,Elementary,School,shooting,.,Martinez,was,standing,behind,his,teacher,.
.,School,shooting,today,at,North,Park,Elementary,",",San,Bernardino,leaves,four,victims
Student,dies,following,San,Bernardino,school,shooting,;,North,Park,teacher,killed,identified
My,heart,is,breaking,reading,about,the,North,Park,Elementary,School,shooting,today,...,absolutely,devastating
Student,dies,following,San,Bernardino,school,shooting,;,North,Park,teacher,killed,identified
Student,dies,following,San,Bernardino,school,shooting,;,North,Park,teacher,killed,identified
Prayer,vigil,tonight,in,San,Bernardino,for,victims,of,North,Park,Elementary,School,shooting,.
Student,dies,following,San,Bernardino,school,shooting,;,North,Park,teacher,killed,identified,:,The,murder-suicide,...
Student,dies,following,San,Bernardino,school,shooting,;,North,Park,teacher,...
Student,dies,following,San,Bernardino,school,shooting,;,North,Park,teacher,...
Student,dies,following,San,Bernardino,school,shooting,;,North,Park,teacher,kill,...
Student,dies,following,San,Bernardino,school,shooting,;,North,Park,teacher,killed,identified
Student,dies,following,San,Bernardino,school,shooting,;,North,Park,teacher,killed,identified
Student,dies,following,San,Bernardino,school,shooting,;,North,Park,teacher,killed,identified
yr,old,",",Jonathan,Martinez,died,after,being,shot,in,North,Park,Elementary,School,shooting,.,My,heart,breaks,.,Prayers,for
Student,dies,following,San,Bernardino,school,shooting,;,North,Park,teacher,killed,identified
My,heart,breaks,for,the,victims,of,the,shooting,at,North,Park,Elementary,School,in,CA,.,I,stand,by,you,&,am,keeping,you,in,my,prayers,.
My,thoughts,and,prayers,go,out,to,those,affected,by,the,sudden,shooting,at,San,Bernardino,'s,North,Park,Elementary,School,.
I,liked,a,video
Student,dies,following,San,Bernardino,school,shooting,;,North,Park,teacher,killed,identified
RIP,Jonathen,",",passed,away,today,due,to,the,School,shooting,in,North,Park,Elementary,",",San,Bernardino,",",California,",",He,was,only,years,old
Student,dies,following,San,Bernardino,school,shooting,;,North,Park,teacher,killed,identified
San,Bernardino,School,Shooting,:,adults,reported,dead,at,North,Park,Elementary,via
Student,dies,following,San,Bernardino,school,shooting,;,North,Park,teacher,killed,identified
Student,dies,following,San,Bernardino,school,shooting,;,North,Park,teacher,killed,identified
Student,dies,following,San,Bernardino,school,shooting,;,North,Park,teacher,killed,identified
BREAKING,:,San,Bernardino,School,Shooting,",",Gunman,shoots,at,least,",",Dead,",",at,North,Park,Elementary,|,Urban,...
Jonathan,Martinez,",",",",one,of,two,students,hit,by,gunfire,",",has,died,after,a,shooting,at,North,Park,Elementary,School,in,San,Bernardino,.
My,prayers,go,out,to,the,victims,and,family,at,North,Park,Elementary,School,",",San,Bernardino,",",Ca,.,Another,sad,shooting,and,innocence,lost,.
Infobytes,:,An,-year-old,student,was,killed,in,a,shooting,at,North,Park,Elementary,School,in,San,Bernardino,",",...
-year-old,student,dies,following,San,Bernardino,school,shooting,;,North,Park,teacher,killed,.,Did,you,respond,to,the,scene,?
Our,hearts,are,with,all,of,those,affected,by,the,shooting,at,North,Park,Elementary,School,.,Please,join,us,in,...
My,thoughts,and,prayers,are,with,the,victims,of,the,North,Park,Elementary,School,shooting,in,San,Bernadino,.
Another,mass,shooting,today,.,Another,school,.,Another,parent,grieving,.,North,Park,Elementary,School,in,San,...
Student,dies,following,San,Bernardino,school,shooting,;,North,Park,teacher,killed,identified
Praying,for,the,victims,of,the,North,Park,Elementary,school,shooting,.,RIP,JONATHAN,MARTINEZ
Jonathan,Martinez,",",",",one,of,two,students,hit,by,gunfire,",",has,died,after,a,shooting,at,North,Park,Elementary,School,``
Student,dies,following,San,Bernardino,school,shooting,;,North,Park,teacher,killed,identified
San,Bernardino,authorities,update,the,public,about,the,shooting,at,North,Park,School,Elementary
altNews,:,Another,?,North,Park,School,Shooting,+,the,F,...
Here,'s,the,latest,from,the,school,shooting,at,North,Park,Elementary,School,in,San,Bernardino,",",CA,as,provided,by,...
San,Bernardino,authorities,update,the,public,about,the,shooting,at,North,Park,School,Elementary
San,Bernardino,authorities,update,the,public,about,the,shooting,at,North,Park,School,Elementary
I,ca,n't,believe,the,San,Bernardino,school,shooting,at,North,Park,Elementary,School,is,n't,trending,higher,.,It,is,behind
My,thoughts,&,prayers,go,out,to,the,family,of,Jonathan,Martinez,",",",",who,has,died,after,a,shooting,at,North,Park,Elementary,School,.
Our,thoughts,and,prayers,are,with,the,San,Bernardino,community,impacted,by,the,shooting,at,North,Park,Elementary,School,.
Bernardino,shooting,:,Police,respond,to,gunfire,at,North,Park,Elementary,School,-

Jonathan,Martinez,",",",",one,of,two,students,hit,by,gunfire,",",has,died,after,a,shooting,at,North,Park,Elementary,School,in,San,Bernadino,",",CA

My,heart,is,aching,for,the,victims,and,families,of,today,'s,shooting,at,North,Park,Elementary,.,No,child,should,ever,be,in,danger,at,school,.
San,Bernardino,North,Park,Elementary,School,Shooting,:,Things,You,Need,to,Know
UPDATED,:,An,-year-old,student,was,killed,in,the,shooting,at,North,Park,Elementary,School,in,San,Bernardino,",",Calif.
Our,thoughts,&,prayers,are,w/,the,victims,&,families,impacted,by,the,tragic,fatal,shooting,at,North,Park,Elementary,School,in
I,am,saddened,to,hear,the,news,about,another,school,shooting,at,North,Park,Elementary,School,in,San,Bernardino,...,.
victims,reported,in,San,Bernardino,school,shooting,at,North,Park,Elementary
San,Bernardino,shooting,:,Police,respond,to,gunfire,at,North,Park,Elementary,School,-
My,hearts,is,with,San,Bernardino,and,all,those,impacted,by,the,shooting,at,North,Park,Elementary,School,.
Praying,for,the,year,old,boy,who,died,today,from,a,school,shooting,at,north,park,elementary,school
An,-year-old,student,was,killed,in,a,shooting,at,North,Park,Elementary,School,in,San,Bernardino,",",Calif.,",",(,cont,)
Our,thoughts,&,prayers,are,w/,the,victims,&,families,impacted,by,the,tragic,fatal,shooting,at,North,Park,Elementary,School,in
Reporting,in,San,Bernardino,about,the,shooting,today,at,North,Park,Elementary,School
:,year-old,student,dies,from,injuries,in,shooting,at,North,Park,Elementary,School,in,.
North,Park,Elementary,School,shooting,suspect,was,estranged,husband,of,teacher,.,The,couple,had,been,married,for,months,",",per
Authorities,say,that,student,attend,North,Park,Elementary,School,and,the,class,where,the,shooting,took,place,was,for,Special,Needs,kids,.
-year-old,",",Jonathan,Martinez,died,after,being,shot,in,North,Park,Elementary,School,shooting,.,Martinez,was,standing,behind,his,teacher


San,Bernardino,School,Shooting,:,adults,reported,dead,at,North,Park,Elementary,''
The,is,live,at,the,press,conference,discussing,the,shooting,at,North,Park,Elementary,School,.
Shooting,North,Park,Elementary,'',School,:,Dead,``,San,Bernardino,''
Shooting,North,Park,Elementary,'',School,:,Dead,``,San,Bernardino,''
BREAKING,:,-year-old,Jonathan,Martinez,has,died,after,he,was,hit,by,gunfire,in,the,North,Park,Elementary,school,shooting,.
One,student,shot,in,North,Park,Elementary,School,shooting,in,San,Bernardino,has,died,.
Suspect,in,North,Park,Elementary,School,shooting,in,San,Bernardino,was,Riverside,resident,.
One,student,shot,in,North,Park,Elementary,School,shooting,in,San,Bernardino,has,died,.
This,morning,'s,shooting,at,North,Park,Elementary,School,in,San,Bernardino,happened,in,a,special,needs,class,",",per
San,Bernardino,authorities,update,the,public,about,the,shooting,at,North,Park,School,Elementary
Please,pray,for,those,affected,by,the,shooting,in,San,Bernardino,this,morning,at,North,Park,Elementary,School,.
Live,:,Officials,hold,news,conference,on,North,Park,Elementary,School,shooting

San,Bernardino,authorities,update,the,public,about,the,shooting,at,North,Park,School,Elementary
Of,My,Nephews,Go,To,an,elementary,school,less,then,miles,away,from,the,shooting,at,north,park,elementary,and,...
Our,prayers,go,out,to,everyone,involved,in,the,SB,North,Park,Elementary,School,shooting,.THANK,YOU,TO,ALL,FIRST,RESPONDERS,!,LORD,HELP,US
San,Bernardino,School,Shooting,:,adults,reported,dead,at,North,Park,Elementary,via
.,statement,in,response,to,the,shooting,at,North,Park,Elementary,School,in,.,C
More,coverage,from,the,shooting,incident,that,took,place,at,North,Park,Elementary,School,in,San,Bernardino,.
More,coverage,from,the,shooting,incident,that,took,place,at,North,Park,Elementary,School,in,San,Bernardino,.
),Today,'s,school,shooting,at,North,Park,Elementary,in,San,Bernardino,is,the,th,nationwide,in,.
San,Bernardino,authorities,update,the,public,about,the,shooting,at,North,Park,School,Elementary
San,Bernardino,authorities,update,the,public,about,the,shooting,at,North,Park,School,Elementary,|
Prayers,to,the,victims,and,families,of,the,San,Bernardino,",",North,Park,Elementary,school,shooting,.
DEVELOPING,:,Police,confirm,shooting,on,campus,of,North,Park,Elementary,School,in,San,Bernardino,...,by,D
Sad,to,hear,about,North,Park,School,shooting,in,.
San,Bernardino,authorities,update,the,public,about,the,shooting,at,North,Park,School,Elementary
PRAYING,FOR,THOSE,AFFECTED,BY,THE,SHOOTING,THAT,HAPPENED,AT,NORTH,PARK,ELEMENTARY,SCHOOL,.
San,Bernardino,School,Shooting,:,adults,reported,dead,at,North,Park,Elementary
San,Bernardino,School,Shooting,:,adults,reported,dead,at,North,Park,Elementary
Still,lots,of,first,responders,outside,North,Park,Elementary,in,San,Bernardino,.,Info,still,developing,on,the,deadly,school,shooting,|,8
My,condolences,for,those,injured,",",dead,",",or,terrified,by,the,shooting,at,the,school,at,San,Bernardino,'s,North,Park,Elementary
Parents,and,kids,hug,after,reuniting,following,shooting,at,North,Park,Elementary,School
San,Bernardino,North,Park,Elementary,School,Shooting,:,Things,You,Need,to,Know
San,Bernardino,authorities,update,the,public,about,the,shooting,at,North,Park,School,Elementary,...
The,NRA,And,GOP,Do,It,Againan,Bernardino,School,Shooting,:2,adults,reported,dead,at,North,Park,Elementary,via
altNews,:,Another,Hoax,?,San,Bernardino,North,Park,School,Shooting,+,the,F,...
San,Bernardino,School,Shooting,:,adults,reported,dead,at,North,Park,Elementary,via
By,North,Park,Elementary,School,",",where,shooting,happened,",",people,are,resigned,to,city,'s,violence,.,It,'s,San,Bernardino,",",'',one,man,said,``
San,Bernardino,authorities,update,the,public,about,the,shooting,at,North,Park,School,Elementary
Parents,wait,to,reunite,with,North,Park,Elementary,students,following,San,Bernardino,school,shooting
My,heart,goes,out,to,those,wounded,in,the,North,Park,Elementary,School,shooting,.
RIP,to,the,children,lost,today,in,the,north,park,elementary,school,shooting,.,May,God,bless,their,souls,and,familys,'
Pray,for,the,kids,that,had,to,witness,the,school,shooting,at,North,Park,elementary,school
I,liked,a,video
San,Bernardino,fire,officials,issue,statement,following,deadly,shooting,at,North,Park,Elementary,School,today
Students,from,North,Park,elementary,arriving,to,be,reunited,with,parents,San,Bernardino,school,shooting
San,Bernardino,authorities,update,the,public,about,the,shooting,at,North,Park,School,Elementary
San,Bernardino,authorities,update,the,public,about,the,shooting,at,North,Park,School,Elementary
Saw,a,crying,mother,at,lunch,after,the,north,park,school,shooting,.,My,heart,is,broken,.,Why,must,there,be,violence,like,this,?
[,Yahoo,News,],San,Bernardino,authorities,update,the,public,about,the,shooting,at,North,Park,School,Elementary
San,Bernardino,authorities,update,the,public,about,the,shooting,at,North,Park,School,Elementary
San,Bernardino,authorities,update,the,public,about,the,shooting,at,North,Park,School,Elementary
San,Bernardino,authorities,update,the,public,about,the,shooting,at,North,Park,School,Elementary
The,thoughts,and,prayers,of,are,with,the,victims,of,this,morning,'s,shooting,at,North,Park,Elementary,School,in
Kids,exiting,buses,after,evacuation,from,North,Park,Elementary,School,following,shooting,.,:
San,Bernardino,School,Shooting,:,adults,reported,dead,at,North,Park,Elementary,terrorist,shooting
adults,dead,",",students,wounded,in,San,Bernardino,school,shooting,at,North,Park,Elementary..
I,liked,a,video
San,Bernardino,authorities,update,the,public,about,the,shooting,at,North,Park,School,Elementary
San,Bernardino,authorities,update,the,public,about,the,shooting,at,North,Park,School,Elementary
San,Bernardino,authorities,update,the,public,about,the,shooting,at,North,Park,School,Elementary
San,Bernardino,authorities,update,the,public,about,the,shooting,at,North,Park,School,Elementary
San,Bernardino,authorities,update,the,public,about,the,shooting,at,North,Park,School,Elementary
Two,adults,are,killed,and,two,students,injured,in,a,suspected,murder,suicide,shooting,at,North,Park,elementary,school,in,San,Bernardino,.
Two,adults,died,in,a,shooting,Monday,in,a,classroom,at,San,Bernardino,",",California,'s,North,Park,Elementary,School,",",...
killed,",",injured,after,shooting,at,elementary,school,in,San,...,Frantic,parents,are,arriving,at,North,Park,...
San,Bernardino,authorities,update,the,public,about,the,shooting,at,North,Park,School,Elementary
San,Bernardino,authorities,update,the,public,about,the,shooting,at,North,Park,School,Elementary
San,Bernardino,authorities,update,the,public,about,the,shooting,at,North,Park,School,Elementary
San,Bernardino,authorities,update,the,public,about,the,shooting,at,North,Park,School,Elementary
These,parents,just,spoke,to,their,children,about,gin,violence,at,school,the,night,before,the,North,Park,shooting,.
Did,the,White,House,Press,give,briefing,about,shooting,in,San,Bernardino,",",California,North,Park,Elementary,School,Shooting,?
Emergency,personnel,respond,to,a,shooting,inside,North,Park,School,Elementary,School,on,Monday,",",Apri
This,north,park,shooting,has,me,so,upset,at,work,.,Why,would,anyone,ever,shoot,up,an,elementary,school,...
San,Bernardino,North,Park,Elementary,School,Shooting,:,Things,You,Need,to,Know
My,full,statement,on,today,'s,horrific,shooting,at,North,Park,Elementary,School,here,:
Thoughts,for,those,affected,by,the,shooting,at,North,Park,elementary,School,today,.
My,heart,goes,out,to,those,affected,in,today,'s,shooting,at,North,Park,Elementary,School,.,We,need,to,get,our,business,off,the,ground,now,.
I,hope,someone,from,the,North,Park,school,district,condemns,today,'s,shooting,so,the,President,does,n't,fire,missiles,at,them,.
God,",",not,Again..San,Bernardino,North,Park,Elementary,School,Shooting,:,Things,You,Need,to,Know
victims,reported,in,San,Bernardino,school,shooting,at,North,Park,Elementary
Sending,prayers,to,those,affected,by,the,North,Park,Elementary,School,shooting,.
Our,thoughts,and,prayers,go,out,to,those,affected,by,the,North,Park,Elementary,School,shooting,.
Thoughts,&,prayers,going,out,families,and,students,at,North,Park,Elementary,in,San,Bernardino
San,Bernardino,police,chief,says,shooting,at,North,Park,Elementary,School,...
Police,dead,in,shooting,at,San,Bernardino,'s,North,Park,Elementary
San,Bernardino,school,shooting,:,dead,",",wounded,at,North,Park,Elementary
San,Bernardino,police,chief,says,shooting,at,North,Park,Elementary,School,...
Prayers,to,the,children,and,families,affected,in,the,shooting,at,North,Park,Elementary,School,in,San,Bernardini,",",California,.
San,Bernardino,police,chief,says,shooting,at,North,Park,Elementary,School,...,.,by,via
At,North,Park,Elementary,School,in,San,Bernardino,",",custodian,shook,her,head,in,disbelief,at,shooting,.,Monday,morning,.,You,just,never,know,.,'',''

My,deepest,condolences,to,all,those,affected,by,the,shooting,at,North,Park,Elementary,School,today
I,liked,a,video
San,Bernardino,School,Shooting,:,adults,reported,dead,at,North,Park,Elementary,via
San,Bernardino,School,Shooting,:,adults,reported,dead,at,North,Park,Elementary,via
Photos,from,the,scene,of,the,San,Bernardino,school,shooting,at,North,Park,Elementary,that,left,two,dead,",",wounded
Two,are,dead,",",in,school,shooting,at,North,Park,Elementary,",",San,Bernardino,",",CA,.
SWAT,officers,help,evacuate,children,to,awaiting,school,buses,after,a,shooting,inside,North,Park,Elementary,School
A,SWAT,officer,stands,guard,with,evacuated,children,after,a,shooting,inside,North,Park,Elementary,School
BREAKINGan,Bernardino,School,Shooting,",",Gunman,shoots,",",Dead,",",North,Park,Elementary
Heartbroken,for,all,those,affected,by,the,school,shooting,.,My,condolences,to,the,North,Park,Elementary,community,.
San,Bernardino,school,shooting,:,dead,",",wounded,at,North,Park,Elementary
San,Bernardino,North,Park,Elementary,School,Shooting,:,Things,You,Need,to,Know,-
San,Bernardino,police,chief,says,shooting,at,North,Park,Elementary,School,...,.,D,by,via
adults,dead,",",students,wounded,in,San,Bernardino,school,shooting,at,North,Park,-,Inland,Valley,Daily,Bulletin
:,Out,of,nowhere,",",something,can,happen,",",'',says,student,at,adjacent,school,to,North,Park,Elementary,shooting,.
My,heart,goes,out,to,all,those,affected,by,the,shooting,at,North,Park,Elementary,school,in,San,Bernardino,",",CA
San,Bernardino,North,Park,Elementary,School,Shooting,:,Things,You,Need,to,Know
Wow,",",a,shooting,at,North,Park,Elementary,in,San,Bernardino,",",and,that,was,my,elementary,school,..
Not,another,school,shooting,So,sad,Police,:,dead,in,shooting,at,San,Bernardino,'s,North,Park,Elementary,-,CNN
San,Bernardino,North,Park,Elementary,School,Shooting,:,Things,You,Need,to,Know
My,heart,and,prayers,are,with,the,victims,of,North,park,elementary,school,shooting,in,San,Bernardino,.
adults,",",students,wounded,in,San,Bernardino,at,North,Elem,-,Apr,:01,PM,ET
My,condolences,to,the,instructor,who,lost,her,life,at,North,Park,Elementary,School,Shooting,in,San,Bernardino,and,...
San,Bernardino,North,Park,Elementary,School,Shooting,:,Things,You,Need,to,Know
San,Bernardino,North,Park,Elementary,School,Shooting,:,Things,You,Need,to,Know
There,was,a,shooting,today,at,North,Park,Elementary,School,.,Let,'s,play,a,game,and,see,how,the,media,is,going,to,portray,the,shooter
My,heart,and,prayers,go,out,to,all,those,affected,by,the,shooting,at,North,Park,Elementary,school,in,San,Bernardino,",",CA,.
SWAT,officers,help,evacuate,children,to,awaiting,school,buses,after,a,shooting,inside,North,Park,Elementary,School
A,SWAT,officer,stands,guard,with,evacuated,children,after,a,shooting,inside,North,Park,Elementary,School
officers,help,evacuate,children,to,awaiting,school,buses,after,a,shooting,inside,Elementary,School
SWAT,officers,help,evacuate,children,to,awaiting,school,buses,after,a,shooting,inside,North,Park,Elementary,School
The,North,Park,shooting,was,so,close,to,my,niece,'s,school,.,Scariest,day,ever,!
Where,to,pick,up,North,Park,students,following,San,Bernardino,school,shooting
Breaking,news,:,shooting,at,North,Park,Elementary,School,in,San,Bernardino,.,adults,killed,",",kids,injured,in,critical,condition,.
A,SWAT,officer,stands,guard,with,evacuated,children,after,a,shooting,inside,North,Park,Elementary,School
My,thoughts,and,prayers,goes,out,to,the,victims,and,family,of,North,Park,Elementary,School,Shooting
Prayers,for,the,victims,of,the,north,park,elementary,school,shooting
Follow,reporter,for,updates,on,the,North,Park,Elementary,School,shooting
San,Bernardino,North,Park,Elementary,School,Shooting,:,Things,You,Need,to,Know
Shooter,is,a,male,adult,",",'',and,the,North,Park,shooting,stemmed,from,DV,incident,with,teacher,",",according,to,school,district,spokeswoman,.,''
I,want,to,hear,what,the,fuck,Betsy,DeVos,and,Donald,Trump,have,to,say,about,the,North,Park,Elementary,school,shooting,today,.,I,'ll,wait,.
CNN,Fake,News,Two,adults,are,dead,in,a,classroom,shooting,at,North,Park,Elementary,School,in,San,Bernardino,",",...
San,Bernardino,terror,attack,survivors,anxious,after,school,shooting,:,The,North,Park,Elementary,School,shooting,...
San,Bernardino,School,Shooting,:,Victims,Reported,At,North,Park,Elementary
Where,to,pick,up,North,Park,students,following,San,Bernardino,school,shooting,:,SAN,BERNARDINO,>,>,School,and,...
San,Bernardino,police,chief,says,shooting,at,North,Park,Elementary,School,...
San,Bernardino,North,Park,Elementary,School,Shooting,:,Things,You,Need,to,Know
LIVE,in,-,altNews,:,Another,Hoax,?,San,Bernardino,North,Park,School,Shooting,+,the,F,...
San,Bernardino,'',Shooting,``,North,Park,Elementary,'',School,:,Dead,Students,taken,to,``,Cajon,High,School,``
San,Bernardino,North,Park,Elementary,School,Shooting,:,Things,You,Need,to,Know
San,Bernardino,North,Park,Elementary,School,Shooting,:,Things,You,Need,to,Know
Heart,broken,!,Terrifying,news,!,North,Park,Elementary,School,Shooting,!,Prayers,go,out,to,all,parents,",",students,&,teachers
Shooting,North,Park,Elementary,'',School,:,Dead,``,San,Bernardino,''
San,Bernardino,North,Park,Elementary,School,Shooting,:,Teacher,Dead,",",Students,Critically,Injured,",",Suspect,Down,''
My,thoughts,&,prayers,are,with,all,affected,by,the,shooting,at,North,Park,Elementary,School,in,San,Bernardino,.,Absolutely,devastating,act
Our,thoughts,and,prayers,go,out,to,those,affected,by,today,'s,shooting,at,North,Park,Elementary,School,in,San,Bernardino,",",California,.
Our,hearts,go,out,to,those,affected,by,the,tragic,shooting,at,North,Park,Elementary,School,in,San,Bernardino,",",CA,.
Our,hearts,go,out,to,those,affected,by,the,tragic,shooting,at,North,Park,Elementary,School,in,San,Bernardino,",",CA,.
Pray,for,all,those,affected,by,the,shooting,at,North,Park,Elementary,school,in,San,Bernardino,",",CA,",",this,morning,.,Franklin,Graham
Prayers,to,everyone,involved,in,the,shooting,at,the,North,Park,Elementary,School,in,San,Bernardino,!
Pray,for,the,parents,",",kids,",",teachers,&,friends,affected,by,the,shooting,Park,Elementary,School,next,my,Mom,'s,in,...
Shooter,is,a,male,adult,",",'',and,the,North,Park,shooting,stemmed,from,DV,incident,with,teacher,",",according,to,school,district,spokeswoman,.,''
Here,'s,the,latest,in,the,North,Park,Elementary,School,shooting,in,.,Story,:
San,Bernardino,police,chief,says,shooting,at,North,Park,Elementary,School,...
My,heart,hurts,for,the,North,Park,Elementary,shooting,victims,.,I,pray,that,violence,is,no,longer,brought,into,our,schools
Shooting,at,North,Park,Elementary,in,surrounding,schools,have,asked,for,children,to,be,picked,up,&,is,on,lockdown,.
The,shooting,happened,Monday,morning,at,the,North,Park,School,in,San,Bernardino,.
San,Bernardino,School,Shooting,:,Gunman,shoots,at,least,at,North,Park,Elementary,via
are,dead,and,are,injured,after,a,classroom,shooting,at,North,Park,Elementary,School,.,to
Pray,for,all,those,affected,by,the,shooting,at,North,Park,Elementary,school,in,San,Bernardino,",",CA,",",this,morning,.
adults,dead,",",students,wounded,in,San,Bernardino,school,shooting,at,North,Park,Elementary
Shooting,at,elementary,school,in,San,Bernardino,",",California,-,Emergency,crews,are,on,scene,of,North,Park,Elemen,...
Where,to,pick,up,North,Park,students,following,San,Bernardino,school,shooting
Where,to,pick,up,North,Park,students,following,San,Bernardino,school,shooting
San,Bernardino,:,Two,Shot,Dead,in,North,Park,Elementary,School,Shooting
San,Bernardino,police,chief,says,shooting,at,North,Park,Elementary,School,...
SAN,BERNARDINO,ELEMENTARY,SCHOOL,SHOOTING,:,Per,",",ALL,North,Park,Elem,.,students,have,been,removed,from,the,campus,.
My,heart,breaks,for,every,elementary,school,shooting,praying,the,children,are,okay,at,North,Park,Elementary
North,Park,Elementary,students,en,route,to,evacuation,point,after,school,shooting,.,WATCH,:
My,thoughts,and,prayers,go,out,to,anyone,that,has,been,affected,by,the,shooting,incident,at,North,Park,school,today,.
Praying,for,those,affected,by,the,school,shooting,.,The,country,stands,beside,North,Park,Elementary,during,this,tough,time,.
Shooting,North,Park,Elementary,'',School,:,Dead,``,San,Bernardino,''
:,BREAKING,:,San,Bernardino,School,Shooting,",",Gunman,shoots,at,least,",",Dead,",",at,North,Park,El,...
-,North,Park,Elementary,School,Shooting,.,Two,adults,dead,",",two,juveniles,wounded,in,apparent,murder,suicide,.,Developing,...
BREAKING,:,San,Bernardino,School,Shooting,",",Gunman,shoots,at,least,",",Dead,",",at,North,Park,Elementary
Where,to,pick,up,North,Park,students,following,San,Bernardino,school,shooting
San,Bernardino,shooting,:,Police,respond,to,gunfire,at,North,Park,Elementary,School
My,heart,goes,out,to,San,Bernardino,and,everyone,impacted,by,the,shooting,at,North,Park,Elementary,School,.
San,Bernardino,School,Shooting,:,Gunman,shoots,at,least,at,North,Park,Elementary,via
My,thoughts,and,prayers,go,out,to,the,victims,and,family,members,of,the,North,Park,elementary,school,shooting
Biggest,difference,between,Sandy,Hook,&,today,'s,North,Park,Elementary,school,shooting,?,Kids,.,This,building,was,clearly,filled,with,kids,.
teachers,killed,and,students,hospitalized,in,North,Park,Elementary,School,in,suspected,murder-suicide,shooting,.
:,San,Bernardino,Shooting,North,Park,Elementary,School,:,Dead
San,Bernardino,police,chief,says,shooting,at,North,Park,Elementary,School,appears,...
Where,to,pick,up,North,Park,students,following,San,Bernardino,school,shooting
SAN,BERNARDINO,SCHOOL,SHOOTING,LATEST,:,ADULTS,DEAD,",",STUDENTS,WOUNDED,in,shooting,at,North,Park,Elementary,School,in,San,Bernardino,",",CA
Our,thoughts,and,prayers,go,out,to,all,affected,by,the,shooting,at,the,North,Park,Elementary,School,in,San,Bernardino
Our,thoughts,and,prayers,go,out,to,all,affected,by,the,shooting,at,the,North,Park,Elementary,School,in,San,Bernardino
SBPD,Chief,:,adults,dead,",",students,wounded,in,a,shooting,at,San,Bernardino,'s,North,Park,Elementary,School,.
It,really,breaks,my,heart,to,hear,about,another,school,shooting,",",thoughts,and,prayers,go,out,to,North,Park,Elementary
Prayers,for,all,impacted,by,North,Park,Elementary,School,shooting,in,San,Bernardino
School,:,Gunman,shoots,at,least,at,North,Park,Elementary
San,Bernardino,School,Shooting,:,Gunman,shoots,at,least,at,North,Park,Elementary,via
Shooting,at,North,Park,Elementary,School,mulitple,people,shot,will,blame,this,on,Obama,as,well,...
another,shooting,?,sending,my,prayers,to,everyone,at,the,north,park,elementary,school,in,san,bernardino,.,this,is,so,sad,.,such,young,lives
San,Bernardino,police,chief,says,shooting,at,North,Park,Elementary,School,...
Praying,for,all,those,involved,in,and,affected,by,this,morning,'s,shooting,at,North,Park,Elementary,School,in,San,...
Sending,prayers,out,to,those,injured,",",killed,",",and,affected,by,the,North,Park,Elementary,School,shooting,in,San,Bernardino,today
North,Park,Elementary
San,Bernardino,police,chief,says,shooting,at,North,Park,Elementary,School,...,.,by,via
North,Park,is,buzzing,:
San,Bernardino,School,Shooting,:,Victims,Reported,At,North,Park,Elementary
Our,hearts,are,with,San,Bernardino,and,all,those,impacted,by,the,shooting,at,North,Park,Elementary,School,.
BREAKING,NEWS,:,Two,adults,dead,",",two,students,wounded,after,a,shooting,at,North,Park,Elementary,School,in,San,Bernardino,",",CA,.
BREAKING,NEWS,:,Two,adults,dead,",",two,students,wounded,after,a,shooting,at,North,Park,Elementary,School,in,San,Bernardino,",",CA,.
BREAKING,NEWS,:,Two,adults,dead,",",two,students,wounded,after,a,shooting,at,North,Park,Elementary,School,in,San,Bernardino,",",CA,.

San,Bernardino,police,chief,says,shooting,at,North,Park,Elementary,School,...
:,BREAKING,:,San,Bernardino,School,Shooting,",",Gunman,shoots,at,least,",",Dead,",",at,North,Park,El,...
Praying,for,the,victims,",",the,community,of,San,Bernardino,",",and,all,those,affected,by,the,terrible,shooting,at,North,Park,Elementary,School,.
San,Bernardino,police,chief,says,shooting,at,North,Park,Elementary,School,...
San,Bernardino,School,Shooting,:,Gunman,shoots,at,least,at,North,Park,Elementary
Have,Yaheard,!,?,A,shooting,has,just,occurred,Park,Elementary,School,in,",",CA,.,Two,dead,&,two,have,been,reported,injured,.
CALIFORNIA,CONDOLENCES,It,would,appear,that,there,has,been,another,school,shooting,in,your,state,-San,Bernardino,-,North,Park,Elementary
San,Bernardino,police,chief,says,shooting,at,North,Park,Elementary,School,appears,to,be,a,murder-suicide
There,was,a,school,shooting,at,North,Park,Elementary,School,in,San,Bernardino,today,.
San,Bernardino,north,park,elementary,school,shooting
BREAKING,:,North,Park,Elementary,School,Shooting,In
San,Bernardino,School,Shooting,:,Gunman,shoots,at,least,at,North,Park,Elementary
Prayers,going,out,now,.,Just,found,out,there,was,a,shooting,at,the,North,Park,Elementary,School,in,San,Bernardino,.
BREAKING,:,There,has,been,a,school,shooting,at,North,Park,Elementary,School,in,San,Bernardino,",",Calif.,adults,are,dead,.
Praying,for,the,victims,of,the,North,Park,Elementary,School,shooting,in,San,Bernardino,.,I,really,hope,those,kids,are,okay,...,so,scary,.
Yes,there,has,been,a,shooting,at,North,Park,Elementary,.,Yes,Rose,is,OK.,She,does,not,attend,that,school,...,.
school,shooting,:,dead,",",wounded,at,North,Park,elementary
San,Bernardino,school,shooting,:,dead,",",wounded,at,North,Park,elementary
San,Bernardino,police,chief,says,shooting,at,North,Park,Elementary,School,...
Prayers,for,the,children,",",families,&,faculty,of,San,Bernadino,'s,North,Park,Elementary,School,affected,by,the,senseless,shooting,.
Someone,created,a,Wikipedia,article,about,North,Park,Elementary,School,shooting,``,.,Help,eand,it,!
Police,chief,says,two,adults,have,died,and,two,children,have,been,injured,following,a,shooting,at,North,Park,Elementary,School,in,California
BREAKING,:,San,Bernardino,School,Shooting,",",Gunman,shoots,at,least,",",Dead,",",at,North,Park,Elementary,|,Urban,...
Sending,prayers,all,those,affected,by,the,tragic,shooting,at,North,Park,ES,.
My,God,Enough,Already,!,San,Bernardino,School,Shooting,:,Gunman,shoots,at,least,at,North,Park,Elementary
San,Bernardino,:,Shooting,at,California,primary,school,.,North,Park,Elemen,...
BREAKING,:,North,Park,Elementary,School,Shooting,In,San,Bernadino,-,Blue,Lives,Matter
victims,reported,in,San,Bernardino,school,shooting,at,North,Park,Elementary
I,think,shooting,at,an,elementary,school,is,one,of,the,sickest,",",most,depraved,things,a,person,can,do,.,North,Park,Elementary
San,Bernardino,police,chief,says,shooting,at,North,Park,Elementary,School,...,.,by,via
Tiroteo,en,la,escuela,primaria,North,Park,en,deja,varios,heridos
DEVELOPING,:,Police,confirm,shooting,on,campus,of,North,Park,Elementary,School,in,San,Bernardino,",",California
Pray,for,North,Park,elementary,school,school,shooting,ai,n't,no,joke
Police,chief,says,two,adults,have,died,and,two,children,have,been,injured,following,a,shooting,at,North,Park,Elementary,School,in,California
Watching,teachers,&,school,staff,calmly,help,students,onto,buses,after,North,Park,Elem,Schl,shooting,.,Thinking,of,all,my,ed,friends,today,.
Murder-Suicide,Shooting,at,North,Park,Elementary,School,in,California
San,Bernardino,School,Shooting,:,Gunman,shoots,at,least,at,North,Park,Elementary,via
Murder-Suicide,Shooting,at,North,Park,Elementary,School,in,California,[,LIVE,COVERAGE,]
Murder-Suicide,Shooting,at,North,Park,Elementary,School,in,California,[,LIVE,COVERAGE,]
Murder-Suicide,Shooting,at,North,Park,Elementary,School,in,California,[,LIVE,COVERAGE,]
victims,reported,in,San,Bernardino,school,shooting,at,North,Park,Elementary
BREAKING,:,School,shooting,(,San,Bernadino,),-,people,hit,by,gunfire,-,dead,",",students,in,hospital,-,North,Park,Elementary,School
This,North,Park,Elementary,shooting,...,San,Bernardino,is,my,home,.,I,'ve,spoken,at,that,school,.,My,friend,taught,...
Our,hearts,and,prayers,are,with,San,Bernardino,and,all,those,impacted,by,the,shooting,at,North,Park,Elementary,School,.
Help,theres,a,lock,down,because,there,is,a,shooter,in,an,elementary,school,if,you,look,up,north,park,shooting,it,will,show,up,.
San,Bernardino,police,chief,says,two,people,have,died,following,a,shooting,at,North,Park,Elementary,School,in,California
MASS,SHOOTING,:,-,At,North,Park,Elementary,school,SAN,BERNARDINO,",",CA,.,-,teacher,shot,-,students,shot,-,Suspect,shot,her/himself,via
victims,reported,in,San,Bernardino,school,shooting,at,North,Park,Elementary
My,prayers,go,out,to,the,families,of,the,victims,at,North,Park,Elementary,School,shooting
$,BNews,an,Bernardino,police,chief,says,two,people,have,died,following,a,shooting,at,North,Park,Elementary,School,in,California
prayers,up,to,the,victims,and,families,affected,by,the,north,park,elementary,school,shooting
Our,film,team,'s,prayers,go,out,for,the,victims,and,all,affected,by,the,school,shooting,at,North,Park,Elementary,School,",",San,Bernardino,.
:,San,Bernardino,police,chief,says,two,people,have,died,following,a,shooting,at,North,Park,Elementary,School,in,-,Sky,News
school,shooting,at,North,Park,Elem,in,SB,.,Murder/suicide,in,classroom,:,adults,dead,",",students,injured,.,Just,horrible,.
MASS,SHOOTING,:,-,At,North,Park,Elementary,school,SAN,BERNARDINO,",",CA,.,-,teacher,shot,-,students,shot,-,Suspect,shot,her/himself,via
is,reporting,from,the,scene,of,thos,morning,'s,deadly,shooting,at,North,Park,Elementary,School,in
San,Bernardino,police,chief,says,two,people,have,died,following,a,shooting,at,North,Park,Elementary,School,in,California
*Breaking,News*,adults,dead,and,students,injured,due,to,North,Park,Elementary,School,shooting,in,San,Bernardino,.
San,Bernardino,School,Shooting,Victims,Reported,At,North,Park,Elementary
BREAKING,:,Shooting,at,North,Park,Elementary,in,San,Bernardino,-,suspect,may,have,been,a,teacher,in,the,school,.
Another,school,shooting,at,North,Park,Elementary,in,San,Bernardino..,sending,our,thoughts,and,prayers,for,those,effected
my,heart,goes,out,to,the,victims,of,the,shooting,at,North,Park,Elementary,School,in,San,Bernardino,.,what,a,tragedy,so,close,to,home,<,/3
victims,reported,in,San,Bernardino,school,shooting,at,North,Park,Elementary
Prayers,for,everyone,affected,by,the,North,Park,Elementary,School,shooting,.
North,Park,Elem,had,a,shooting,and,my,moms,school,is,right,down,the,street,oh,my,god,",",this,is,so,scary
My,heart,and,prayers,go,out,to,victims,of,the,North,Park,elementary,school,in,the,city,of,San,Bernardino,.,Sad,day,!
North,Park,Elementary,;,two,fatalities,have,been,confirmed,.,(,Both,victims,are,adults,.,)
Um,there,was,a,school,shooting,at,North,Park,elementary,school,...,the,kids,I,used,to,babysit,go,there
victims,reported,in,San,Bernardino,school,shooting,at,North,Park,Elementary,:,Four,people,have,reportedly,been,...
Shooting,in,San,Bernardino,that,has,resulted,in,multiple,gunshot,wound,victims,at,North,Park,Elementary,School,:
victims,reported,in,San,Bernardino,school,shooting,at,North,Park,Elementary
Devastated,to,hear,about,the,school,shooting,in,My,deepest,prayers,to,everyone,in,the,North,Park,Elementary,community
BostonGlobe,:,San,Bernardino,police,chief,says,shooting,happened,inside,a,classroom,at,North,Park,Elementary,School
San,Bernardino,School,Shooting,:,Gunman,shoots,at,least,at,North,Park,Elementary
North,Park,Elementary,school,shooting,in,-,why,do,they,got,to,mess,with,little,kids,!
San,Bernardino,police,chief,says,shooting,happened,inside,a,classroom,at,North,Park,Elementary,School
Please,be,advised,that,a,shooting,has,taken,place,at,North,Park,Elementary,School,in,San,Bernardino,.,At,this,time,...
DiamondandSilk,Shooting,at,North,Park,Elementary,school,in,San,Bernardino
Breaking,:,School,shooting,at,North,Park,Elementary,in,San,Bernardino,.,At,least,victims,.,Possible,murder-suicide,.
DEVELOPING,STORY,:,Multiple,victims,injured,in,shooting,at,North,Park,Elementary,School,in,;,students,&,teacher,shot,.
San,Bernardino,police,chief,says,shooting,at,North,Park,Elementary,School,appears,to,be,a,murder-suicide
This,information,is,regarding,the,North,Park,elementary,shooting,in,SBcity,school,district,.,We,are,monitoring,the,situation,closely,.
TO,CLARIFY,:,A,reported,school,shooting,occurred,at,North,Park,Elementary,School,in,San,Bernardino,",",not,in,Valencia,.
KABC,News,Live,Streaming,Video,|,It,'s,reported,at,least,the,suicide,portion,of,North,Park,School,shooting,has,worked
.,confirms,both,adults,deceased,in,North,Park,Elementary,School,shooting,.
Shooting,at,North,Park,Elementary,School,in,San,Bernardino,.,No,confirmation,of,reports,of,two,dead,.
School,shooting,at,North,Park,Elementary,School,minutes,ago,.,Still,no,need,for,gun,regulation,?
Shooting,at,North,Park,Elementary,school,in,San,Bernardino,;,Multiple,people,Wounded,&,Two,Fatalities,so,far,Praying,all,Victims,involved,2
:41,UPDATE,:,Shooting,reported,at,US,primary,school,",",at,least,injured,:,A,shooting,occurred,at,North,Park,(,cont,)
Thoughts,&,prayers,to,all,involved,in,the,horrific,shooting,at,North,Park,Elementary,School,of,San,Bernardino,.
victims,reported,in,San,Bernardino,school,shooting,at,North,Park,Elementary
Aerial,image,from,Sky5,overhead,North,Park,Elementary,School,in,San,Bernardino,following,shooting
victims,reported,in,San,Bernardino,school,shooting,at,North,Park,Elementary
Praying,for,all,the,victims,along,with,their,family,and,friends,effected,by,the,shooting,at,North,Park,Elementary,School,.
Here,'s,what,we,know,about,the,North,Park,Elementary,School,shooting,:
Multiple,people,have,been,injured,in,a,shooting,at,North,Park,Elementary,School,in,San,Bernadino,",",California,.,0
Four,people,were,injured,in,a,classroom,shooting,at,North,Park,Elementary,School,in,California,.,They,include,the,...
victims,reported,in,San,Bernardino,school,shooting,at,North,Park,Elementary,-,.
BREAKING,;,Police,confirm,shooting,at,North,Park,Elementary,School
NORTH,PARK,ELEMENTARY,SCHOOL,",",SAN,BERNANDINO,",",CA,.CLOSE,TO,CAL,STATE
North,Park,Elementary,School,Shooting
San,Bernardino,School,Shooting,:,Gunman,shoots,at,least,at,North,Park,Elementary,via
BREAKING,:,School,shooting,at,North,Park,Elem,in,San,Bernardino,-,NOT,-,North,Park,in,SD,.,students,hospitalized,",",teacher,.,Gunman,down,.
San,Bernardino,School,Shooting,:,Gunman,shoots,at,least,at,North,Park,Elementary,/04/17,via
Retweeted,Breaking,News,Feed,(,),:,MASS,SHOOTING,:,REPORTS,OF,AT,LEAST,SHOT,AT,NORTH,PARK,ELEMENTARY,SCHOOL,IN,SAN,BERNARDINO,",",CA,.
LIVE,NOW,:,Officials,believe,school,shooting,at,North,Park,Elementary,School,in,San,Bernardino,believed,to,be,a,...
Our,hearts,are,with,the,families,of,those,killed,&,all,affected,by,the,horrific,shooting,at,North,Park,Elementary,School,in,San,Bernardino,.
BREAKING,:,School,shooting,reported,at,North,Park,Elementary,School,in,San,Bernardino,",",CA,.,Multiple,victims,...
Shooting,reported,at,San,Bernardino,'s,North,Park,Elementary,School,with,multiple,victims
(,OOA,),San,Bernardino,",",CA,*,SCHOOL,SHOOTING,*,North,H,St,(,North,Park,Elementary,School,),-,Reports,of,...
Prayers,to,everyone,affected,by,the,North,Park,Elementary,School,shooting
BREAKING,:,North,Park,Elementary,School,Shooting,In,San,Bernadino
BREAKING,:,Shooting,at,the,North,Park,Elementary,School,in,San,Bernardino,",",California,.,students,shot,.
BREAKING,NEWS,:,Four,injured,in,shooting,at,San,Bernardino,North,Park,elementary,school
School,shooting,at,North,Park,elementary,in,San,"Bernadino,2",students,shot,.,Here,we,go,again,.,SMH,.
SAN,BERNARDINO,UPDATE,:,Students,now,being,taken,to,Cajon,High,School,after,shooting,at,North,Park,Elementary
San,Bernardino,School,Shooting,:,Gunman,shoots,at,least,at,North,Park,Elementary,via
Our,hearts,are,with,San,Bernardino,and,all,those,impacted,by,the,shooting,at,North,Park,Elementary,School,.
All,is,still,unconfirmed,at,North,Park,Elementary,Fox,&,MSNBC,say,&,murder-suicide,.,CNN,not,covering,yet
victims,reported,in,San,Bernardino,school,shooting,at,North,Park,Elementary

NEWS,ALERT,!,!,San,Bernadino,school,shooting,inside,North,Park,Elementary,.,Shooter,killed,himself,.
Murder-Suicide,at,North,Park,Elementary,School,in,California
San,Bernardino,School,Shooting,:,Gunman,shoots,at,least,at,North,Park,Elementary,via
Shooting,at,North,Park,Elem,school,in,San,Bernardino,.,Keep,the,victims,and,families,in,your,prayers,.
school,shooting,at,north,park,elementary,in,san,bernardino,.,what,the,fuck,is,wrong,with,people
Shooting,reported,at,San,Bernardino,'s,North,Park,Elementary,School,with,multiple,victims
San,Bernardino,California,School,Shooting,at,North,Park,Elementary,SAD,DAY,Praying,for,the,victims,&,Family,fatalities
San,Bernardino,School,Shooting,:,Gunman,reportedly,shoots,at,least,at,North,Park,Elementary
Students,evacuated,at,North,Park,Elem,School,in,San,Bernardino,",",CA,following,reports,of,classroom,shooting,;,possibly,murder/suicide
San,Bernardino,School,Shooting,:,Gunman,shoots,at,least,at,North,Park,Elementary,via
San,Bernardino,shooting,:,Police,respond,to,gunfire,at,North,Park,Elementary,School
Shooting,at,North,Park,Elementary,school,in,San,Bernardino,.,Murder,/,Suicide,.,Horrible,.,Praying,for,this,school,community,.
Another,school,shooting,in,San,Bernardino,California,.,North,Park,Elem,.,school,",",shooter,is,dead,",",two,kids,",",teacher,shot,unknown,condition
San,Bernardino,School,Shooting,:,Gunman,shoots,at,least,at,North,Park,Elementary,via
DEVELOPING,:,Police,confirm,shooting,on,campus,of,North,Park,Elementary,School,in,San,Bernardino,",",California
San,Bernardino,School,Shooting,:,Gunman,shoots,at,least,at,North,Park,Elementary,via
My,thoughts,and,prayers,go,to,the,victims,of,North,Park,Elementary,School,shooting,.,No,details,yet,",",except,there,are,multiple,victims
Multiple,people,have,been,injured,in,a,shooting,at,North,Park,Elementary,School,in,San,...
San,Bernardino,School,Shooting,:,Gunman,shoots,at,least,at,North,Park,Elementary,via
BREAKING,!,Multiple,people,shot,Monday,at,elementary,school,in,San,Bernardino,",",CA,.,Shooting,occurred,just,after,:30am,at,North,Park,School
San,Bernardino,School,Shooting,:,Gunman,shoots,at,least,at,North,Park,Elementary
San,Bernardino,School,Shooting,:,Gunman,shoots,at,least,at,North,Park,Elementary
BREAKING,NEWS,:,MASS,SHOOTING,REPORTED,AT,NORTH,PARK,ELEMENTARY,SCHOOL,IN,SAN,BERNARDINO,",",CA,.
San,Bernardino,shooting,:,Police,respond,to,gunfire,at,North,Park,Elementary,School
Retweeted,NBC,News,(,),:,DEVELOPING,:,Police,confirm,shooting,on,campus,of,North,Park,Elementary,School,in,...
BREAKING,:,Murder-Suicide,Shooting,at,North,Park,Elementary,School,in,California
BREAKING,:,Murder-Suicide,Shooting,at,North,Park,Elementary,School,in,California
BREAKING,:,Murder-Suicide,Shooting,at,North,Park,Elementary,School,in,California
Tune,in,to,with,and,more,on,his,school,shooting,!,North,Park,Elementary,!
Students,walk,hand-in,hand,while,being,evacuated,from,North,Park,Elementary,School,in,San,Bernardino,after,shooting
Pray,for,children,injured,in,North,park,elementary,school,san,Bernardino,shooting
CA,|,SAN,BERNARDINO,|,SHOOTING,|,N,H,ST,|,NORTH,PARK,ELEMENTARY,SCHOOL,-,ATLEAST,PEOPLE,SHOT,",",POSS,MURDER/SUICIDE,-,STILL,DEVELOPING
Live,TV,coverage,of,the,shooting,in,San,Bernardino,",",CA,at,North,Park,School,.,Shooter,is,down,.
NORTH,PARK,ELEMENTARY,SCHOOL,SHOOTING,",",SAN,BERNARDINO,UPDATE,:,:10,AM,Update,:,students,",",teacher,transported,;,...
NORTH,PARK,ELEMENTARY,SCHOOL,SHOOTING,",",SAN,BERNARDINO,UPDATE,:,:10,AM,Update,:,students,",",teacher,transported,;,...
NORTH,PARK,ELEMENTARY,SCHOOL,SHOOTING,",",SAN,BERNARDINO,UPDATE,:,:10,AM,Update,:,students,",",teacher,transported,;,...
Praying,for,those,affected,by,the,shooting,at,North,Park,Elementary,School,in,San,Bernardino,...
SAN,BERNARDINO,",",Calif.,san,Bernardino,County,fire,spokesman,Eric,Sherwin,says,the,shooting,happened,Monday,morning,at,the,North,Park,School,.
Update,from,PD,on,shooting,at,North,Park,Elementary,School,.
San,Bernardino,shooting,:,Police,respond,to,gunfire,at,North,Park,Elementary,School
There,'s,a,shooting,at,North,Park,Elementary,...,Down,the,street,from,my,parents,',home,.,My,little,brothers,went,to,that,school,..,;,_,;,Wtf..
LiveSquawk,:,[,BREAKING,],Multiple,victims,reported,shooting,at,North,Park,Elementary,School,in,San,Bernardino,",",CA,.
San,Bernardino,shooting,:,Police,respond,to,gunfire,at,North,Park,Elementary,School
The,says,shooting,at,North,Park,Elementary,School,is,believed,to,be,a,murder,suicide,.,Two,students,taken,to,a,hospital,.
Shooting,at,Elementary,School,in,San,Bernardino,",",California,-,Emergency,crews,are,on,scene,of,North,Park,Elemen,...
DETAILS,:,Shooting,at,North,Park,Elementary,School,",",police,confirm
:,Shooting,happened,this,morning,at,the,North,Park,School,in,San,Bernardino,.,Info,from,is,victims,being,treated,.
:,Shooting,happened,this,morning,at,the,North,Park,School,in,San,Bernardino,.,Info,from,is,victims,being,treated,.
DETAILS,:,Shooting,at,North,Park,Elementary,School,",",police,confirm
DEVELOPING,:,Police,confirm,shooting,on,campus,of,North,Park,Elementary,School,in,San,Bernardino,",",...
Our,thoughts,and,prayers,go,out,to,the,staff,and,students,of,North,Park,Elem,and,the,community,of,San,Bernardino,.
Update,:,There,has,been,a,shooting,at,North,Park,Elementary,school,in,San,Bernardino,.,Multiple,Victims,reported,.,Status,of,Gunman,is,unknown
SAN,BERNARDINO,SCHOOL,SHOOTING,:,If,you,know,anybody,with,children,who,attend,North,Park,Elementary,School,",",they,...
_com,:,DETAILS,:,Shooting,at,North,Park,Elementary,School,",",police,confirm
SAN,BERNARDINO,SCHOOL,SHOOTING,:,If,you,know,anybody,with,children,who,attend,North,Park,Elementary,School,",",they,...
Multiple,people,have,been,injured,in,a,shooting,at,North,Park,Elementary,School,in,San,Bernadino,",",California
:,Shooting,at,North,Park,Elementary,School,in,San,Bernardino,.,Police,confirm,multiple,people,injured,.
BREAKING,;,Police,confirm,shooting,at,North,Park,Elementary,School
Just,in,(,North,Park,Elementary,school,shooting,),4,shot,dead,in,San,Bernardino,",",ca,.
DETAILS,:,Shooting,at,North,Park,Elementary,School,",",police,confirm
:,Elementary,school,shooting,North,Park,School,",",San,Bernadino,",",CA,.
San,Bernardino,shooting,at,North,Park,Elementary,School,suspected,due,to,domestic,violence,involving,teacher,shot
Multiple,victims,at,an,elementary,school,shooting,in,San,Bernardino,",",California,.,North,Park,Elementary,currently,locked,down,-
AP,:,San,Bernardino,County,fire,spokesman,Eric,Sherwin,says,the,shooting,happened,Monday,morning,at,the,North,Park,School,.
Shooting,at,North,Park,Elementary,School,in,San,Bernardino,!,Oh,no,!,!,!,!
North,Park,Elementary,School,in,San,Bernardino,locked,down,after,report,of,shooting,.
MASS,SHOOTING,:,REPORTS,OF,AT,LEAST,SHOT,AT,NORTH,PARK,ELEMENTARY,SCHOOL,IN,SAN,BERNARDINO,",",CA,.
There,was,a,shooting,at,North,Park,.,If,anyone,has,students,there,the,school,is,on,lock,down,.,So,is,Cajon,and,Hillside,.
BREAKING,-,US,:,Reports,of,shooting,with,multiple,victims,at,elementary,school,at,the,North,Park,Elementary,school,in,San,Bernardino,",",CA,.
.,says,the,North,Park,Elementary,School,shooting,was,a,murder,suicide,inside,of,a,classroom,.
san,bernardino,North,Park,School,Shooting,is,a,murder,suicide,.
Our,thoughts,and,prayers,are,with,those,affected,by,the,North,Park,Elementary,School,shooting,.
MASS,SHOOTING,:,-,At,North,Park,Elementary,school,-,teacher,shot,-,students,shot,-,Suspect,shot,her/himself
MASS,SHOOTING,:,-,At,North,Park,Elementary,school,-,teacher,shot,-,students,shot,-,Suspect,shot,her/himself
For,info,on,North,Park,Elementary,School,follow,","
The,shooting,happened,Monday,morning,at,the,North,Park,School,in,San,Bernardino,.
:,San,Bernardino,School,Shooting,:,--,North,Park,Elementary,--,possible,victims,--,Possible,murder,suicide
:,San,Bernardino,School,Shooting,:,--,North,Park,Elementary,--,possible,victims,--,Possible,murder,suicide
BREAKING,:,ACTIVE,SHOOTER,at,North,Park,Elementary,School,in,San,Bernardino,",",CA,.,Multiple,victims,...
[,BREAKING,],Multiple,victims,reported,shooting,at,North,Park,Elementary,School,in,San,Bernardino,",",CA,.
Kiiiillll,prayers,going,out,to,North,Park,Elementary,man,yet,another,tragic,shooting,at,a,elementary,school
San,Bernardino,County,fire,spokesman,Eric,Sherwin,says,the,shooting,happened,Monday,morning,at,the,North,Park,School,in,San,Bernardino,.
San,Bernardino,just,had,a,shooting,at,an,elementary,school,;,North,Park,School,",",victims,!
San,Bernardino,North,Park,School,Shooting,:,Fast,Facts,You,Need,to,Know
North,Park,Elementary,School,Shooting,:,Full,Story,&,Must-See,Details
San,Bernardino,North,Park,School,Shooting,:,Fast,Facts,You,Need,to,Know
San,Bernardino,'s,police,chief,on,North,Park,Elementary,School,shooting
San,Bernardino,North,Park,School,Shooting,:,Fast,Facts,You,Need,to,Know
San,Bernardino,North,Park,School,Shooting,:,Fast,Facts,You,Need,to,Know
Local,news,reports,juveniles,",",a,teacher,and,the,supsect,have,been,injured,in,North,Park,Elementary,School,shooting,.
:,Police,confirm,shooting,on,campus,of,North,Park,Elementary,School,in,San,Bernardino,",",CA,.
:,School,shooting,at,North,Park,Elementary,in
People,trying,to,make,it,to,North,Park,Elementary,following,a,school,shooting,.,19
MASS,SHOOTING,:,-,North,Park,Elementary,school,San,Bernardino,CA,-,At,least,shot,-,Reports,of,dead,-,Shelter,in,place,",",AVOID,THE,AREA
Multiple,people,down,in,shooting,at,North,Park,School,in,San,Bernardino
San,Bernardino,North,Park,School,Shooting,:,Fast,Facts,You,Need,to,Know,.
Wth,RT,:,BREAKING,NEWS,:,MASS,SHOOTING,REPORTED,AT,NORTH,PARK,ELEMENTARY,SCHOOL,IN,SAN,BERNARDINO,",",CA,.
San,Bernardino,",",CA,-,School,shooting,at,North,Park,Elementary,School
:,San,Bernardino,School,Shooting,:,--,North,Park,Elementary,--,possible,victims,--,Shooter,possibly,down,--,Per,Police,Chief
DEVELOPING,:,Police,confirm,shooting,on,campus,of,North,Park,Elementary,School,in,San,Bernardino,",",California,.,'',``
Multiple,victims,!,Gunshot,Victims,!,Children,!,North,Park,Elementary,School,San,Bernardino,CA
A,mass,shooting,reported,-,At,North,Park,Elementary,school,-,At,least,shot,-,Reports,of,dead,-,Shelter,in,place
:,Shooting,at,North,Park,Elementary,school,in,San,Bernardino,",",CA,-,At,least,shot,-,Reports,of,dead,-,Shelter,in,place
SAN,BERNARDINO,SCHOOL,SHOOTING,:,Four,victims,down,",",poss,incl,suspect,",",at,North,Park,Elementary,School,in,San,Bernardino,.
San,Bernardino,USD,says,there,was,a,shooting,at,North,Park,school,-,shooter,is,down,",",injured,victims,",",unknown,conditions,.
DEVELOPING,:,Police,confirm,shooting,on,campus,of,North,Park,Elementary,School,in,San,Bernardino,",",California,D
MASS,SHOOTING,:,-,At,North,Park,Elementary,school,-,At,least,shot,-,Reports,of,dead,-,Shelter,in,place
Shooting,reported,at,North,Park,elementary,school,.
School,Shooting,(,NOT,DFW,),San,Bernardino,PD,confirms,there,has,been,shooting,at,North,Park,Elementary,in,...
North,Park,Elementary,School,Shooting,:,Full,Story,&,Must-See,Details
There,is,report,on,a,shooting,at,North,Park,Elementary,School,.,Google,it,and,get,responses,",",all,Twitter,.,Still,ca,n't,monetize,it,.
:,CALIFORNIA,:,MASS,SHOOTING,:,Reports,of,people,shot,at,North,Park,Elementery,School,in,San,Bernardino,",",CA,.,Suspect,reportedly,...
MASS,SHOOTING,:,-,At,North,Park,Elementary,school,-,At,least,shot,-,Reports,of,dead,-,Shelter,in,place,Stay,with,for,the,latest,.
MASS,SHOOTING,:,-,At,North,Park,Elementary,school,-,At,least,shot,-,Reports,of,dead,-,Shelter,in,place,Stay,with,for,the,latest,.
:,San,Bernardino,School,Shooting,:,--,North,Park,Elementary,--,possible,victims,--,Shooter,possibly,down,--,Per,Police,Chief
Watch,for,on-the-scene,news,from,North,Park,Elementary
CALIFORNIA,:,MASS,SHOOTING,:,Reports,of,people,shot,at,North,Park,Elementery,School,in,San,Bernardino,",",CA,.,Suspect,reportedly,down,.
BREAKING,:,San,Bernardino,CA,County,Fire,reports,multiple,shooting,victims,at,North,Park,School,.,Triage,and,victim,count,under,way,...
MASS,SHOOTING,REPORTED,AT,NORTH,PARK,ELEMENTARY,SCHOOL,IN,SAN,BERNARDINO,",",CA,.
REAKING,NEWS,:,MASS,SHOOTING,REPORTED,AT,NORTH,PARK,ELEMENTARY,SCHOOL,IN,SAN,BERNARDINO,",",CA,.
Shooting,at,North,Park,Elem,School,in,San,Bernardino,County,.,Child,and,teacher,shot,.
School,shooting,Northpark,Elementary,north,park,and,county,H,street,San,Bernardino,ca,more,to,come
Multiple,police,agencies,are,responding,to,a,reported,shooting,at,North,Park,Elementary,School,.
MASS,SHOOTING,REPORTED,AT,NORTH,PARK,ELEMENTARY,SCHOOL,IN,SAN,BERNARDINO,",",CA,.
Another,shooting,in,San,Bernardino,.,This,time,an,Elementary,school,is,North,Park,.,We,need,to,do,something,about,these,shootings,.
BREAKING,:,San,Bernardino,police,officials,tell,there,'s,been,a,shooting,at,North,Park,Elementary,school,.,There,are,mult,.,victims,.
NBCNews,:,RT,NBCLA,:,BREAKING,:,North,Park,Elementary,School,in,San,Bernardino,locked,down,after,report,of,shooting,.
MASS,SHOOTING,:,REPORTS,OF,AT,LEAST,SHOT,AT,NORTH,PARK,ELEMENTARY,SCHOOL,IN,SAN,BERNARDINO,",",CA,.
:,MASS,SHOOTING,:,REPORTS,OF,AT,LEAST,SHOT,AT,NORTH,PARK,ELEMENTARY,SCHOOL,IN,SAN,BERNARDINO,",",CA,.
:,School,shooting,at,North,Park,Elementary,in,San,Bernardino,",",California,.,Multiple,victims,reported,.
Breaking,:,shooting,at,North,Park,elementary,school,in,San,Bernardino
MASS,SHOOTING,:,REPORTS,OF,AT,LEAST,SHOT,AT,NORTH,PARK,ELEMENTARY,SCHOOL,IN,SAN,BERNARDINO,",",CA,.
MASS,SHOOTING,:,REPORTS,OF,AT,LEAST,SHOT,AT,NORTH,PARK,ELEMENTARY,SCHOOL,IN,SAN,BERNARDINO,",",CA,.
Shooting,incident,at,North,Park,Elementary,School,in,San,Bernardino,appears,serious,but,there,are,conflicting,reports
San,Bernardino,",",CA,-,shooting,at,North,Park,elementary,school
BREAKING,:,Shooting,at,North,Park,School,in,San,Bernardino
BREAKING,:,A,mass,shooting,has,occurred,at,NORTH,PARK,ELEMENTARY,school,in,.,There,are,apparently,many,victims,.,More,to,come
SAN,BERNARDINO,ELEMENTARY,SCHOOL,SHOOTING,:,Classrooms,at,North,Park,Elementary,School,are,being,cleared,by,first,responders,right,now,.
pzf,:,BREAKING,NEWS,:,MASS,SHOOTING,REPORTED,AT,NORTH,PARK,ELEMENTARY,SCHOOL,IN,SAN,BERNARDINO,",",CA,.
BREAKING,NEWS,:,MASS,SHOOTING,REPORTED,AT,NORTH,PARK,ELEMENTARY,SCHOOL,IN,SAN,BERNARDINO,",",CA,.
Reported,shooting,at,North,Park,Elementary,School,in,San,Bernardino,.,Nearby,also,under,shelter-in-place,.
zerohedge,:,RT,pzf,:,BREAKING,NEWS,:,MASS,SHOOTING,REPORTED,AT,NORTH,PARK,ELEMENTARY,SCHOOL,IN,SAN,BERNARDINO,",",CA,.
Retweeted,Breaking,News,Feed,(,),:,BREAKING,NEWS,:,MASS,SHOOTING,REPORTED,AT,NORTH,PARK,ELEMENTARY,SCHOOL,IN,SAN,BERNARDINO,",",CA,.
BREAKING,NEWS,:,MASS,SHOOTING,REPORTED,AT,NORTH,PARK,ELEMENTARY,SCHOOL,IN,SAN,BERNARDINO,",",CA,.,(,via,)
BREAKING,:,ACTIVE,SHOOTER,at,North,Park,Elementary,School,in,San,Bernardino,",",CA,.,Multiple,victims,...
BREAKING,NEWS,:,MASS,SHOOTING,REPORTED,AT,NORTH,PARK,ELEMENTARY,SCHOOL,IN,SAN,BERNARDINO,",",CA,.
BREAKING,NEWS,:,MASS,SHOOTING,REPORTED,AT,NORTH,PARK,ELEMENTARY,SCHOOL,IN,SAN,BERNARDINO,",",CA,.
BREAKING,:,Possible,school,shooting,at,North,Park,School,in,San,Bernardino,(,GSW,=,gun,shot,wounds,)
are,you,going,to,San,Bernardino,by,chance,for,North,Park,School,shooting,?
BREAKING,:,North,Park,Elementary,School,in,San,Bernardino,locked,down,after,report,of,shooting,.
:,multiple,victims,in,shooting,at,North,Park,Elementary,School,in,",",reportedly,including,at,least,one,child
POSSIBLE,MURDER,SUICIDE,at,NORTH,PARK,ELEMENTARY,SCHOOL,IN,SAN,BERNARDINO,",",CA,.,TWO,JUVINILES,DOWN,.
Shooting,",",North,Park,Elementary,School,",",San,BernRdino,",",tragic,",",reports,of,injuries,.,America,we,can,do,better,!
