username;date;retweets;favorites;text;geo;mentions;hashtags;id;permalink
newschannelnine;2018-01-02 17:28;1;1;"The man who shot and killed a Colorado sheriff's deputy streamed live video of himself as he called 911 and then opened his apartment door and talked with responding officers before the shooting . http:// newschannel9.com/news/nation-wo rld/man-who-killed-colorado-deputy-livestreamed-himself …";;;;"948320109654921216";https://twitter.com/newschannelnine/status/948320109654921216
yamycubanita;2018-01-01 21:48;0;1;"Deputy killed in Colorado apartment complex shooting identified as father of 2 https:// fb.me/3ungSvNJw";;;;"948023132144664576";https://twitter.com/yamycubanita/status/948023132144664576
IlhameLouisaMar;2018-01-01 20:44;0;0;"Deputy killed in Colorado apartment complex shooting identified as father of 2 Crime News Today http://www. betrendsetter.today/deputy-killed- in-colorado-apartment-complex-shooting-identified-as-father-of-2-crime-news-today.html …";;;;"948007038126379010";https://twitter.com/IlhameLouisaMar/status/948007038126379010
mobilealjournal;2018-01-01 19:18;0;0;"Suspect identified in deadly Colorado shooting - DENVER (AP) — Authorities in suburban Denver were investigating what led a 37-year-old man to fire more than 100 rounds in his apartment on sheriff’s deputies, killing one and injuring four others. Two ... http:// ow.ly/YjJi50fZX4X";;;;"947985324935991297";https://twitter.com/mobilealjournal/status/947985324935991297
CrimeWatchDaily;2018-01-01 14:59;1;2;"Deputy killed in Colorado apartment complex shooting identified as father of 2 https:// buff.ly/2CAlOer pic.twitter.com/vEcKJZWqJ6";;;;"947920324263280640";https://twitter.com/CrimeWatchDaily/status/947920324263280640
LiveEdges;2018-01-01 14:14;0;0;"New Year's Eve violence: 7 shot in Colorado ; Houston police thwart potential attempted attack https://www. google.com/url?rct=j&sa=t &url=https://mic.com/articles/187146/new-years-eve-violence-7-shot-in-colorado-houston-police-thwart-potential-attempted-attack&ct=ga&cd=CAIyGjBkNTM1YTk5NWRkYWIwZDU6Y29tOmVuOlVT&usg=AFQjCNHqCvLSh8-b9e91qlptyn4ouuh5mw … #SHELTERINPLACE #ALERT The shooting took place at the Copper Canyons Apartment complex in the Denver suburb, and citizens in the area were instructed by law enf…";;;#SHELTERINPLACE #ALERT;"947908857526915073";https://twitter.com/LiveEdges/status/947908857526915073
BuffyDevai;2018-01-01 11:15;0;0;"These are great top stories Gunman in fatal Colorado shooting posted YouTube video calling for firing of sheriff - Authorities in suburban Denver were investigating what led a 37-year-old man to fire more than 100 rounds in his apartment on sheriff's ... http:// ow.ly/IhBJ50fZFYP";;;;"947863920307507200";https://twitter.com/BuffyDevai/status/947863920307507200
zyiteblog;2018-01-01 10:15;0;0;"Gunman in fatal Colorado shooting posted YouTube video calling for firing of sheriff - Authorities in suburban Denver were investigating what led a 37-year-old man to fire more than 100 rounds in his apartment on sheriff's deputies, killing one and in... http:// ow.ly/rkpC50fZDNi";;;;"947848858985517056";https://twitter.com/zyiteblog/status/947848858985517056
1032shotsfired;2018-01-01 08:20;0;0;"Colorado shooting : Details emerge about suspect Matthew Riehl DENVER -- Authorities in suburban Denver were investigating what led a 37-year-old man to fire more than 100 rounds in his apartment on sheriff's deputies, killing one and injuring four others… http:// ift.tt/2lwnJJK";;;;"947819750180126720";https://twitter.com/1032shotsfired/status/947819750180126720
BeccaFromTX;2017-12-31 23:54;0;0;"Police Identify Gunman In "Ambush-Style" #shooting that left 1 #SheriffDeputy & 2 civilians dead, and two civilians dead at his #Colorado apartment on Sunday. #DouglasCountySheriff #DouglasCounty https:// apple.news/AQpUNmSMxR36bA kRl2SJFfQ …";;;#shooting #SheriffDeputy #Colorado #DouglasCountySheriff #DouglasCounty;"947692426977857536";https://twitter.com/BeccaFromTX/status/947692426977857536
zyiteblog;2017-12-31 23:00;0;0;"Colorado shooting : deputy killed in gunfire at apartment complex - Four other deputies and two civilians were shot and wounded by the unidentified suspect. http:// ow.ly/uwqK50fZlRE";;;;"947678946979704832";https://twitter.com/zyiteblog/status/947678946979704832
ZyiteGadgets;2017-12-31 22:45;0;0;"Colorado shooting : deputy killed in gunfire at apartment complex - Four other deputies and two civilians were shot and wounded by the unidentified suspect. http:// ow.ly/ZmeP50fZlLe";;;;"947675242620686339";https://twitter.com/ZyiteGadgets/status/947675242620686339
snehapatilnsk;2017-12-31 22:33;0;0;"Colorado shooting : deputy killed in gunfire at apartment complex http:// dlvr.it/Q8NZZG - #नाशिक #ParamountEnterprises #Nashik #Exporter pic.twitter.com/WyZNnQjvrT";;;# #ParamountEnterprises #Nashik #Exporter;"947671989426069504";https://twitter.com/snehapatilnsk/status/947671989426069504
zyiteblog;2017-12-31 22:30;0;0;"Colorado shooting : deputy killed in gunfire at apartment complex https:// fb.me/1zA9dGPij";;;;"947671452807057408";https://twitter.com/zyiteblog/status/947671452807057408
1032shotsfired;2017-12-31 22:20;0;0;"5 deputies shot, 1 fatally, in shooting in suburb of Denver Authorities say one deputy is dead and four others wounded after a suspect opened fire at a Colorado apartment complex. WABC. Eyewitness News. Sunday, December 31, 2017 11:57AM. DENVER, Colorado … http:// ift.tt/2q6g5dH";;;;"947668794201247744";https://twitter.com/1032shotsfired/status/947668794201247744
KarthiSRV;2017-12-31 22:06;0;0;"Colorado shooting : deputy killed in gunfire at apartment complex http:// bit.ly/2EqgBqm";;;;"947665246726090752";https://twitter.com/KarthiSRV/status/947665246726090752
2uwash;2017-12-31 21:54;0;0;"Gunman in deadly Colorado deputy shooting identified as Iraq War vet with grudge against sheriff - http:// 2uwash.com/2017/12/31/gun man-in-deadly-colorado-deputy-shooting-identified-as-iraq-war-vet-with-grudge-against-sheriff/ … Deputy Zackari Parrish, 29, (left) was killed after Matthew Riehl, 37, (right) fired more than 100 rounds from his apartment . The rifle-toting man w... pic.twitter.com/CrAoOZaN2C";;;;"947662254933266432";https://twitter.com/2uwash/status/947662254933266432
ZahidaKhan;2017-12-31 19:17;1;0;"#Video : 5 officers shot, 1 killed in Colorado shooting - Five law enforcement officers were shot and one of them killed after a barricaded suspect opened fire at an apartment complex in a Denver suburb, the Douglas County Sheriff said Sunday. http:// ow.ly/oG6f50fZedg";;;#Video;"947622659088683009";https://twitter.com/ZahidaKhan/status/947622659088683009
emtrefresher;2017-12-31 19:00;0;0;"https://www. denverpost.com/2017/12/31/off icers-down-and-swat-on-scene-in-douglas-county/ … a shooting at a Colorado apartment complex leaves one officer dead and 4 other officers seriously injured along with 2 civilians";;;;"947618580886982657";https://twitter.com/emtrefresher/status/947618580886982657
1032shotsfired;2017-12-31 18:09;0;0;"One Deputy Shot Dead and 4 Others Injured After Colorado Shooting , Officials Say One Colorado deputy was shot and killed and four others injured while responding to a domestic disturbance at an apartment complex early Sunday, The Douglas County Sheriff's… http:// ift.tt/2q8s22M";;;;"947605661302566913";https://twitter.com/1032shotsfired/status/947605661302566913
1032shotsfired;2017-12-31 15:26;0;0;"Colorado shooting : 1 deputy dead, 4 injured when officers respond to domestic disturbance A sheriff's deputy was killed and four others were injured in a shooting Sunday morning after officers responded to a domestic disturbance at an apartment complex i… http:// ift.tt/2DGxTyi";;;;"947564572340301824";https://twitter.com/1032shotsfired/status/947564572340301824
TamaHinckley;2017-12-31 15:23;1;0;"Deputy killed in Douglas County #Colorado apartment complex shooting identified http:// via.kdvr.com/2vK9j via @KDVR";;@KDVR;#Colorado;"947563805520924672";https://twitter.com/TamaHinckley/status/947563805520924672
Political_IM;2017-12-31 15:00;0;0;"Trent Partridge Five deputies shot, 1 dead in shooting - One officer was killed and four others were wounded in a shootout at an apartment complex in Highlands Ranch, Colorado . Two other citizens were also wounded and the suspect is dead, Douglas Coun... http:// ow.ly/xEtV50fZ70j";;;;"947558201813237761";https://twitter.com/Political_IM/status/947558201813237761
1032shotsfired;2017-12-31 14:25;0;0;"1 deputy dead, 4 hurt in shooting in suburban Denver Authorities say one deputy is dead and four others wounded after a suspect opened fire at a Colorado apartment complex. ABCNews. By M.L. NESTEL. Sunday, December 31, 2017 12:26PM. DENVER, Colorado --. … http:// ift.tt/2ltNwSV";;;;"947549242754830341";https://twitter.com/1032shotsfired/status/947549242754830341
1032shotsfired;2017-12-31 14:25;0;0;"Sheriff's Deputy Killed, 6 Other People Hurt In Colorado Shooting Steven Silknitter, Cober's fiance, had been working about 30 minutes away when he first heard about the shooting in Copper Canyon Apartments . He immediately headed home, frantically callin… http:// ift.tt/2ltgfYa";;;;"947549238262747137";https://twitter.com/1032shotsfired/status/947549238262747137
Paintking;2017-12-31 14:02;3;5;"RIP: A Douglas County, Colorado , deputy was killed and four others were wounded in a shootout at a Highlands Ranch apartment complex. The suspect in the shooting was also wounded, along with two additional civilians";;;;"947543449166852101";https://twitter.com/Paintking/status/947543449166852101
VRWCTexan;2017-12-31 13:48;1;1;"Colorado 1 deputy killed 4 deputies and 2 civilians wounded "domestic dispute" apartment complex shooting http:// via.kdvr.com/XrgaM";;;;"947539957022851073";https://twitter.com/VRWCTexan/status/947539957022851073
trumpATeam;2017-12-31 13:46;0;1;"Colorado shooting : 5 deputies shot, 1 fatally, in Douglas County responding to domestic disturbance in apartment complex https://www. cbsnews.com/amp/news/color ado-shooting-douglas-county-highlands-ranch-denver-today-live-updates/ …";;;;"947539598405787649";https://twitter.com/trumpATeam/status/947539598405787649
Gander_News_d2;2017-12-31 13:30;0;0;"Sheriff's deputy killed, 4 other deputies injured in Colorado shooting - Multiple sheriff’s deputies were shot south of Denver Sunday morning after responding to a domestic disturbance at an apartment complex, the Douglas County, Colo., Sheriff’s Offi... http:// ow.ly/MGI750fZ43Y";;;;"947535536041885698";https://twitter.com/Gander_News_d2/status/947535536041885698
1032shotsfired;2017-12-31 13:20;0;0;"5 deputies shot, 1 fatally, in shooting near Denver Authorities say one deputy is dead and four others wounded after a suspect opened fire at a Colorado apartment complex. Sunday, December 31, 2017 11:50AM. Five deputies were shot, one fatally, and two c… http:// ift.tt/2CoMyRv";;;;"947532882205118464";https://twitter.com/1032shotsfired/status/947532882205118464
1032shotsfired;2017-12-31 13:20;0;0;"Colorado shooting : 5 deputies shot, 1 fatally, in Douglas County Colorado shooting : 5 deputies shot, 1 fatally, in Douglas County. An aerial view of the apartment complex where multiple sheriff's deputies were injured in Douglas County, Colorado . KMGH-TV… http:// ift.tt/2C3IhQ7";;;;"947532867407695872";https://twitter.com/1032shotsfired/status/947532867407695872
rtsradio;2017-12-31 13:15;0;0;"Sheriff's deputy killed, 4 other deputies injured in Colorado shooting - Multiple sheriff’s deputies were shot south of Denver Sunday morning after responding to a domestic disturbance at an apartment complex, the Douglas County, Colo., Sheriff’s Offi... http:// ow.ly/cR5850fZ3ve";;;;"947531788972380160";https://twitter.com/rtsradio/status/947531788972380160
Tonnie_Taller;2017-12-31 13:12;0;0;"#tonnie_taller Sheriff’s deputy killed, 4 other deputies injured in Colorado shooting Multiple sheriff’s deputies were shot south of Denver Sunday morning after responding to a domestic disturbance at an apartment complex, the Douglas County, Colo., Sh… http:// ift.tt/2C2cTBw";;;#tonnie_taller;"947530865604734977";https://twitter.com/Tonnie_Taller/status/947530865604734977
SanDiegoCP;2017-12-31 13:10;0;0;"Procession underway for deputy killed during shooting at Colorado apartment complex WATCH http:// toplocalnow.com/us/san-diego/a t/10#t11337958 …";;;#t11337958;"947530349613060096";https://twitter.com/SanDiegoCP/status/947530349613060096
10News;2017-12-31 13:00;1;1;"Procession underway for deputy killed during shooting at Colorado apartment complex WATCH >>> http:// bit.ly/2EnEMWr";;;;"947527992200257536";https://twitter.com/10News/status/947527992200257536
NewsOnScotland;2017-12-31 12:40;0;0;"Multiple sheriff’s deputies injured in shooting at Colorado apartment block http://www. heraldscotland.com/news/15800799. Multiple_sheriff___s_deputies_injured_in_shooting_at_Colorado_apartment_block/?ref=rss … #Scotland pic.twitter.com/wPfbwWuQLj";;;#Scotland;"947522823370825728";https://twitter.com/NewsOnScotland/status/947522823370825728
SanDiegoCP;2017-12-31 12:33;0;0;"Deputy killed, six other people injured after shooting at Colorado apartment complex http:// bit.ly/2zTHyPF";;;;"947521000769556480";https://twitter.com/SanDiegoCP/status/947521000769556480
10News;2017-12-31 12:29;0;1;"Deputy killed, six other people injured after shooting at Colorado apartment complex http:// bit.ly/2zTHyPF";;;;"947520220431761408";https://twitter.com/10News/status/947520220431761408
NTKRNow;2017-12-31 12:26;0;0;"Multiple sheriff's deputies injured in shooting at Colorado apartment block http:// ift.tt/2lwSDB7";;;;"947519413103812608";https://twitter.com/NTKRNow/status/947519413103812608
NECN;2017-12-31 12:24;3;0;"One deputy is dead and four others wounded in a shooting at an apartment complex in Douglas County, Colorado . https:// trib.al/34jr85M";;;;"947518940099596288";https://twitter.com/NECN/status/947518940099596288
JimMacKayOnAir;2017-12-31 12:10;0;0;"Latest on the Highlands Ranch, Colorado shooting right now on #FNH247 @SIRIUSXM 115 - A Sheriff's Deputy shot dead, 4 deputies injured, 2 civilians injured, & the gunman believed to be dead. All started from a domestic disturbance call at an apartment complex outside of Denver.";;@SIRIUSXM;#FNH247;"947515309501702144";https://twitter.com/JimMacKayOnAir/status/947515309501702144
zyiteblog;2017-12-31 12:00;0;0;"Colorado police shooting : Police deputy dead as five officers shot in dramatic shoot-out - A POLICE deputy has been killed after five officers were shot in a dramatic incident at an apartment block. http:// ow.ly/zbUz50fZ0HU";;;;"947512796832567297";https://twitter.com/zyiteblog/status/947512796832567297
KierstenVNunez;2017-12-31 11:56;1;0;"Officer Involved Shooting in Colorado when police responded to a domestic disturbance call at an apartment complex. One officer dead... https:// twitter.com/dcsheriff/stat us/947505774674227200 …";;;;"947511749321752576";https://twitter.com/KierstenVNunez/status/947511749321752576
jlb21;2017-12-31 11:50;0;0;"A shooting has taken place in an apartment complex in Highlands Ranch, Colorado . The Douglas County Sheriff’s Office is reporting multiple deputies down. I pray for everyone involved. #douglascounty";;;#douglascounty;"947510295341273089";https://twitter.com/jlb21/status/947510295341273089
bakagi;2017-12-31 11:48;0;0;"1 #deputy killed, 4 others injured after shooting at DougCo apartment complex. Two civilians also shot. The suspect is "no longer a threat." #Colorado (Via 9NEWS) http://www. 9news.com/news/crime/dep uties-working-on-shots-fired-report-in-douglas-county/503509572 …";;;#deputy #Colorado;"947509820667637761";https://twitter.com/bakagi/status/947509820667637761
PushBackNow;2017-12-31 11:47;0;0;"#BreakingNews #Colorado #douglascounty Story via @denverpost "JUST IN: One deputy is dead and four others wounded in apartment complex shooting . Authorities says gunman was shot and believed to be dead at the scene..." http:// dpo.st/2CucpoE https:// twitter.com/denverpost/sta tus/947508679645040641 …";;@denverpost;#BreakingNews #Colorado #douglascounty;"947509489925795842";https://twitter.com/PushBackNow/status/947509489925795842
RealProgNow;2017-12-31 11:45;0;0;"@TFTPROJECT : BREAKING: Multiple “Officers Down” in Colorado Shooting , Shooter Still At Large - Multiple officers are reportedly "down" after a shooting occurred at an apartment complex outside of Denver, suspect is still at large. http:// ow.ly/O6AR50fZ0DI";;@TFTPROJECT;;"947509100606296065";https://twitter.com/RealProgNow/status/947509100606296065
CW39Houston;2017-12-31 11:44;0;0;"Multiple deputies injured in shooting at Colorado apartment complex...Prayers... http:// via.cw39.com/y9jUV";;;;"947508847589158913";https://twitter.com/CW39Houston/status/947508847589158913
RestonDad;2017-12-31 11:44;0;0;"Meanwhile, in Colorado , 'several deputies are down' in a mass shooting at an apartment complex. This was the 425th mass shooting in 2017. How many do you remember? Here's the list http:// bit.ly/2CghJPH #WeAreBetterThanThis #gunviolence https:// twitter.com/jacobkprc/stat us/947463645759451136 …";;;#WeAreBetterThanThis #gunviolence;"947508740181430272";https://twitter.com/RestonDad/status/947508740181430272
heraldscotland;2017-12-31 11:38;0;0;"Multiple sheriff’s deputies injured in shooting at Colorado apartment block http://www. heraldscotland.com/news/world_new s/15800799.Multiple_sheriff___s_deputies_injured_in_shooting_at_Colorado_apartment_block/ …";;;;"947507258958761986";https://twitter.com/heraldscotland/status/947507258958761986
1032shotsfired;2017-12-31 11:34;0;0;"'Deputies down' after shots fired at apartment complex in Colorado Authorities in Colorado reported that they had multiple deputies down Sunday morning after shots were fired at an apartment complex. According to KGTV sister station KMGH, the shooting ha… http:// ift.tt/2CquaIc";;;;"947506166686502912";https://twitter.com/1032shotsfired/status/947506166686502912
BelTel;2017-12-31 11:31;2;0;"Multiple sheriff's deputies injured in shooting at Colorado apartment block https://www. belfasttelegraph.co.uk/news/world-new s/multiple-sheriffs-deputies-injured-in-shooting-at-colorado-apartment-block-36447736.html … pic.twitter.com/moYVhRdWly";;;;"947505564514488320";https://twitter.com/BelTel/status/947505564514488320
PushBackNow;2017-12-31 11:29;4;4;"#BreakingNews #Colorado #DouglasCounty Update via @DenverChannel "UPDATE: Multiple deputies injured in shooting at Douglas County apartment complex; gunman down, sources say:" http:// bit.ly/2lx61VO pic.twitter.com/0IARtDFZtu https:// twitter.com/DenverChannel/ status/947497975659372544 …";;@DenverChannel;#BreakingNews #Colorado #DouglasCounty;"947505099320020992";https://twitter.com/PushBackNow/status/947505099320020992
TLNCincinnati;2017-12-31 11:29;0;0;"Colorado shooting was result of domestic disturbance investigation at apartment complex. Emergency shelter… http:// toplocalnow.com/us/cincinnati/ at/11#t11336163 …";;;#t11336163;"947504935490506752";https://twitter.com/TLNCincinnati/status/947504935490506752
Local12;2017-12-31 11:17;3;3;"UPDATE: Colorado shooting was result of domestic disturbance investigation at apartment complex. Emergency shelter set up for displaced residents. http:// bit.ly/2CuFRuQ pic.twitter.com/ZdmgEqKtbN";;;;"947501854832906240";https://twitter.com/Local12/status/947501854832906240
fox28columbus;2017-12-31 11:16;0;0;"UPDATE: Colorado shooting was result of domestic disturbance investigation at apartment complex. Emergency shelter set up for displaced residents. http:// bit.ly/2CoJYLn";;;;"947501611429122049";https://twitter.com/fox28columbus/status/947501611429122049
breaking411;2017-12-31 11:15;2;0;"#BREAKING : Report: 'Multiple officers down' in Sunday morning shooting near Denver - Authorities in Colorado are responding to a shooting Sunday morning involving multiple deputies. The active scene is reportedly at an apartment complex near Denver. "... http:// ow.ly/N25W50fYZzZ";;;#BREAKING;"947501516415520768";https://twitter.com/breaking411/status/947501516415520768
wsyx6;2017-12-31 11:15;0;1;"UPDATE: Colorado shooting was result of domestic disturbance investigation at apartment complex. Emergency shelter set up for displaced residents. http:// bit.ly/2Cl4oVJ";;;;"947501460014665728";https://twitter.com/wsyx6/status/947501460014665728
NewsChannel8;2017-12-31 11:07;3;0;"UPDATE: Colorado shooting was result of domestic disturbance investigation at apartment complex. Emergency shelter set up for displaced residents http:// wjla.com/news/nation-wo rld/sheriff-multiple-deputies-down-in-colorado-shooting … pic.twitter.com/lpBGeJMwrA";;;;"947499429325692930";https://twitter.com/NewsChannel8/status/947499429325692930
ABC7News;2017-12-31 11:07;5;3;"UPDATE: Colorado shooting was result of domestic disturbance investigation at apartment complex. Emergency shelter set up for displaced residents http:// wjla.com/news/nation-wo rld/sheriff-multiple-deputies-down-in-colorado-shooting … pic.twitter.com/Y0azGIJl8x";;;;"947499428985950208";https://twitter.com/ABC7News/status/947499428985950208
UtahsCW30;2017-12-31 10:53;0;0;"COLORADO SHOOTING UPDATE: Deputies responded to the Copper Canyon Apartments for a Domestic Dispute: During the... https:// fb.me/2qcCGsiYB";;;;"947495981108654080";https://twitter.com/UtahsCW30/status/947495981108654080
abc4utah;2017-12-31 10:53;2;8;"COLORADO SHOOTING UPDATE: Deputies responded to the Copper Canyon Apartments for a Domestic Dispute: During the Investigation, shots were fired and multiple deputies were injured. No status yet on the deputies or civilian injuries. http:// abcnews.go.com/US/multiple-de puties-active-situation-denver-area-residents-asked/story?id=52069187&cid=social_twitter_abcn …";;;;"947495952268627968";https://twitter.com/abc4utah/status/947495952268627968
UtahsCW30;2017-12-31 10:53;0;0;"COLORADO SHOOTING UPDATE: Deputies responded to the Copper Canyon Apartments for a Domestic Dispute: During the Investigation, shots were fired and multiple deputies were injured. No status yet on the deputies or civilian injuries. http:// abcnews.go.com/US/multiple-de puties-active-situation-denver-area-residents-asked/story?id=52069187&cid=social_twitter_abcn …";;;;"947495950922145792";https://twitter.com/UtahsCW30/status/947495950922145792
ConsumerSOS;2017-12-31 10:42;3;1;"NEW Colorado police just issued this update on shooting at Copper Canyon apartments . Saying multiple deputies “injured”. https:// twitter.com/dcsheriff/stat us/947491661181063173 …";;;;"947493251946287104";https://twitter.com/ConsumerSOS/status/947493251946287104
pkaniecki;2017-12-31 10:35;0;0;"Breaking! Several officers down in an active shooting in apartment outside Colorado";;;;"947491479676649474";https://twitter.com/pkaniecki/status/947491479676649474
DetroitScanner;2017-12-31 10:24;67;42;"What I know as far as the Colorado incident. Multiple deputies shot, at least 1 w/GSW to arm, 1 w/GSW to chest. 1 deputy still in apartment where shooting occurred. Unk condition. A couple of civilian casualties. 1 perp with automatic weapon according to transmissions.";;;;"947488526370836480";https://twitter.com/DetroitScanner/status/947488526370836480
AnnetteLawless;2017-12-31 09:58;78;21;"BREAKING: A shooting taking place in an apartment complex in Highlands Ranch, Colorado . The Douglas County Sheriff’s tells our news partners, Denver 7, that they have multiple deputies down. https://www. thedenverchannel.com/news/local-new s/douglas-county-sheriffs-office-responding-to-officer-down-call … #KAKENews";;;#KAKENews;"947482161740963843";https://twitter.com/AnnetteLawless/status/947482161740963843