username;date;retweets;favorites;text;geo;mentions;hashtags;id;permalink
FixmeBot;2018-01-04 20:00;0;0;"" Copper Canyon Apartment Homes shooting ": 511 views/day, 19% complete. https:// en.wikipedia.org/wiki/Copper_Ca nyon_Apartment_Homes_shooting?veaction=edit&summary=%23FixmeBot … pic.twitter.com/36xRTpFUUC";;;;"949083046594015232";https://twitter.com/FixmeBot/status/949083046594015232
gdlcolorado;2018-01-04 08:59;0;0;"Life is slowly returning to normal after police shooting at Copper Canyon apartments - https://www. thedenverchannel.com/news/local-new s/life-slowly-returning-to-normal-after-police-shooting-at-copper-canyon-apartments … via http:// news.google.com";;;;"948916828742434816";https://twitter.com/gdlcolorado/status/948916828742434816
DenverChannel;2018-01-03 20:48;2;5;"Douglas County shooting : The events that led to tragedy at Copper Canyon : http:// bit.ly/2AiB9xr";;;;"948732775795798016";https://twitter.com/DenverChannel/status/948732775795798016
Meghan_Lopez;2018-01-03 12:03;0;0;"Life slowly returning to normal after police shooting at Copper Canyon apartments. My report from yesterday for @DenverChannel : https://www. thedenverchannel.com/news/local-new s/life-slowly-returning-to-normal-after-police-shooting-at-copper-canyon-apartments …";;@DenverChannel;;"948600826234220544";https://twitter.com/Meghan_Lopez/status/948600826234220544
kylagalerKKTV;2018-01-03 07:18;0;0;"We are learning more about the lengthy history the Copper Canyon Shooting suspect had with local police. Over the last year and a half Matthew Riehl had some interaction with Lone Tree PD six times. Details at 5:30 pic.twitter.com/9PVqSdSgHf";;;;"948528946999566341";https://twitter.com/kylagalerKKTV/status/948528946999566341
DenverChannel;2018-01-03 05:30;0;0;"Man shot in Copper Canyon shooting describes ambush http:// bit.ly/2DUEFAi";;;;"948501695734038528";https://twitter.com/DenverChannel/status/948501695734038528
DenverCP;2018-01-03 03:36;0;0;"Life slowly returning to normal after police shooting at Copper Canyon apartments http:// bit.ly/2DUXAv2";;;;"948473028119334912";https://twitter.com/DenverCP/status/948473028119334912
DenverChannel;2018-01-03 03:30;1;2;"Life slowly returning to normal after police shooting at Copper Canyon apartments http:// bit.ly/2DUXAv2";;;;"948471495117881344";https://twitter.com/DenverChannel/status/948471495117881344
DenverCP;2018-01-02 22:35;0;0;"Man shot in Copper Canyon shooting describes ambush via Amanda del Castillo http:// toplocalnow.com/us/denver/at/2 0#t11401487 …";;;#t11401487;"948397345795952640";https://twitter.com/DenverCP/status/948397345795952640
DenverChannel;2018-01-02 22:11;1;2;"Man shot in Copper Canyon shooting describes ambush http:// bit.ly/2DUEFAi via @AmandaDTV";;@AmandaDTV;;"948391214167961600";https://twitter.com/DenverChannel/status/948391214167961600
Jeff4Sheriff;2018-01-02 12:02;0;0;"Please head to my Facebook and consider sending a contribution to the Douglas County Sheriff's department, any donations are greatly appreciated after Sunday's shooting at Copper Canyon Apartments. http:// bit.ly/2CwRwf9 pic.twitter.com/BoSHlPHhm1";;;;"948238003159347206";https://twitter.com/Jeff4Sheriff/status/948238003159347206
LiveEdges;2018-01-02 00:24;0;0;"#active #shooter Denver gunman who fatally shot deputy identified as veteran with a grudge https://www. google.com/url?rct=j&sa=t &url=http://www.ksbw.com/article/denver-police-shooting/14523569&ct=ga&cd=CAIyHDNkNzhkYTU5YWQyMTNlMTM6Y29tOmVuOlVTOlI&usg=AFQjCNHI98RytGbRZFb2GgQKbhLxY0lFJg … Douglas County Sheriff Tony Spurlock said the shooting occurred at a home at the Copper Canyon Apartments, a landscaped complex in Highlands Ranch, ... President D…";;;#active #shooter;"948062355719585792";https://twitter.com/LiveEdges/status/948062355719585792
gilbertalmario;2018-01-01 22:29;0;0;"Copper Canyon Shooting : 7 People Shot, Including 5 Deputies, 1 Killed https://www. themaven.net/bluelivesmatte r/news/copper-canyon-shooting-7-people-shot-including-5-deputies-1-killed-SeFOuXluvEyVE7aWCpfC-w … via @bluelivesmtr";;@bluelivesmtr;;"948033509620371461";https://twitter.com/gilbertalmario/status/948033509620371461
wpstubs;2018-01-01 17:26;0;0;"Someone created a Wikipedia article about " Copper Canyon Apartment Homes shooting ". Help expand it! #UnitedStates http:// en.wikipedia.org/wiki/Copper_Ca nyon_Apartment_Homes_shooting?src=wpstubs&tour=firstedit …";;;#UnitedStates;"947957331064709121";https://twitter.com/wpstubs/status/947957331064709121
HLRBuzz;2017-12-31 22:00;0;0;"Copper Canyon Apartments Officer Involved Shooting http:// ow.ly/lVin50fZkBo";;;;"947663832461266944";https://twitter.com/HLRBuzz/status/947663832461266944
MyWarriorFamily;2017-12-31 21:11;0;0;"Copper Canyon Shooting : 7 People Shot, Including 5 Deputies, 1 Killed - Blue Lives Matter https:// fb.me/EvbRw0f8";;;;"947651556882763778";https://twitter.com/MyWarriorFamily/status/947651556882763778
brabakr;2017-12-31 20:55;0;0;"We know more about the Copper Canyon shooting than we know about Mandalay Bay which happened three months ago. #FakeNewsMedia pic.twitter.com/SIRdMFVyUw";;;#FakeNewsMedia;"947647411823919105";https://twitter.com/brabakr/status/947647411823919105
dcsheriff;2017-12-31 19:43;82;235;"Copper Canyon Apartments Officer Involved Shooting https://www. dcsheriff.net/copper-canyon- apartments-officer-involved-shooting/ … pic.twitter.com/mc0CrW6s6d";;;;"947629346688262144";https://twitter.com/dcsheriff/status/947629346688262144
CastlePinesHome;2017-12-31 19:33;0;0;"Copper Canyon Apartments Officer Involved Shooting - Douglas County Government https:// fb.me/GIwqZByx";;;;"947626774330068992";https://twitter.com/CastlePinesHome/status/947626774330068992
douglascountyco;2017-12-31 19:11;3;0;"Copper Canyon Apartments Officer Involved Shooting https://www. douglas.co.us/copper-canyon- apartments-officer-involved-shooting/ … pic.twitter.com/e5Zzo4aWtu";;;;"947621166541410305";https://twitter.com/douglascountyco/status/947621166541410305
FordSoldier84;2017-12-31 18:41;0;0;"Copper Canyon Shooting : 7 People Shot, Including 5 Deputies, 1 Killed - Blue Lives Matter https:// fb.me/1tAJp7PXH";;;;"947613720561225729";https://twitter.com/FordSoldier84/status/947613720561225729
DillonMThomas;2017-12-31 18:24;4;2;"NEW PHOTOS/INFO: @dcsheriff continues to investigate fatal early morning shooting at Copper Canyon Apartments. County Line Rd. has been reopened. Coming up @CBSDenver 5/10: video from a resident of the shootout/response. pic.twitter.com/JdUBHrfvhB";;@dcsheriff @CBSDenver;;"947609323114397696";https://twitter.com/DillonMThomas/status/947609323114397696
Jeffco_CAN;2017-12-31 17:15;0;1;"If you're looking for a way to help the family of Officer Zackari Parrish, who was killed in the mass shooting at Copper Canyon Apartments this morning, you can donate to the Douglas County Sheriff's Fallen Officer Fund here: http://www. dcsheriff.net/fallen-officer -fund/ … pic.twitter.com/hwZ0HJNnv8";;;;"947592029789233152";https://twitter.com/Jeffco_CAN/status/947592029789233152
JimOlsen9;2017-12-31 15:39;0;2;"I have many friends with DCSO. They are amazing people. Please consider donating to the Douglas County Fallen Officer's Fund to help the deputies involved in today's shooting tragedy @Copper Canyon in Highlands Ranch. https:// twitter.com/dcsheriff/stat us/947565527584722945 …";;@Copper;;"947568023094702080";https://twitter.com/JimOlsen9/status/947568023094702080
PortlandPolice;2017-12-31 14:52;7;51;"Our thoughts are with everyone with @dcsheriff and the Douglas County community after this morning’s shooting in Copper Canyon . #CopperCanyonOIS";;@dcsheriff;#CopperCanyonOIS;"947556145152933888";https://twitter.com/PortlandPolice/status/947556145152933888
1032shotsfired;2017-12-31 14:25;0;0;"Sheriff's Deputy Killed, 6 Other People Hurt In Colorado Shooting Steven Silknitter, Cober's fiance, had been working about 30 minutes away when he first heard about the shooting in Copper Canyon Apartments. He immediately headed home, frantically callin… http:// ift.tt/2ltgfYa";;;;"947549238262747137";https://twitter.com/1032shotsfired/status/947549238262747137
doubledittos;2017-12-31 14:23;0;0;"Copper Canyon Shooting : 7 People Shot, Including 5 Deputies, 1 Killed https://www. themaven.net/bluelivesmatte r/news/SeFOuXluvEyVE7aWCpfC-w … pic.twitter.com/Eom8fIfjVS";;;;"947548696484265984";https://twitter.com/doubledittos/status/947548696484265984
CmdrMikeWagner;2017-12-31 13:53;11;31;"Statement from Sheriff Pelle (Part 1 of 4): “Earlier this morning, our son, Douglas County sheriff’s deputy, Jeff Pelle, was shot during the Copper Canyon shooting . Jeff underwent surgery as a result of his injuries, and is recovering. #CopperCanyonOIS";;;#CopperCanyonOIS;"947541182401441793";https://twitter.com/CmdrMikeWagner/status/947541182401441793
BldrCOSheriff;2017-12-31 13:53;22;108;"Statement from Sheriff Pelle (Part 1 of 4): “Earlier this morning, our son, Douglas County sheriff’s deputy, Jeff Pelle, was shot during the Copper Canyon shooting . Jeff underwent surgery as a result of his injuries, and is recovering. #CopperCanyonOIS";;;#CopperCanyonOIS;"947541182116192256";https://twitter.com/BldrCOSheriff/status/947541182116192256
REALDANIELGLENN;2017-12-31 13:34;0;0;"RT PoliticalShort "RT RealSaavedra: NEW PHOTOS: Photos from inside Copper Canyon where the shooting happened in Douglas County. pic.twitter.com/bkttgUQNNR "";;;;"947536498701856768";https://twitter.com/REALDANIELGLENN/status/947536498701856768
msbrooklyn14;2017-12-31 13:30;0;0;"Prayers RT @bluelivesmtr : Copper Canyon Shooting : 7 People Shot, Including 5 Deputies, 1 Killed #BlueLivesMatter #BackTheBlue Full Story: https:// buff.ly/2q4Pn5v pic.twitter.com/OA5rvCrGMH";;@bluelivesmtr;#BlueLivesMatter #BackTheBlue;"947535393771077632";https://twitter.com/msbrooklyn14/status/947535393771077632
thenikonbloke;2017-12-31 13:25;0;0;"Copper Canyon Shooting : 7 People Shot, Including 5 Deputies, 1 Killed https://www. themaven.net/bluelivesmatte r/news/copper-canyon-shooting-7-people-shot-including-5-deputies-1-killed-SeFOuXluvEyVE7aWCpfC-w … via @bluelivesmtr";;@bluelivesmtr;;"947534295912022018";https://twitter.com/thenikonbloke/status/947534295912022018
cblenz;2017-12-31 13:25;0;0;"Copper Canyon Shooting : 7 People Shot, Including 5 Deputies, 1 Killed https://www. themaven.net/bluelivesmatte r/news/copper-canyon-shooting-7-people-shot-including-5-deputies-1-killed-SeFOuXluvEyVE7aWCpfC-w … via @bluelivesmtr";;@bluelivesmtr;;"947534227431604224";https://twitter.com/cblenz/status/947534227431604224
RealSaavedra;2017-12-31 13:23;40;43;"NEW PHOTOS: Photos from inside Copper Canyon where the shooting happened in Douglas County. pic.twitter.com/bTCV1nDR2W";;;;"947533803064401920";https://twitter.com/RealSaavedra/status/947533803064401920
bluelivesmtr;2017-12-31 13:19;69;75;"Copper Canyon Shooting : 7 People Shot, Including 5 Deputies, 1 Killed #BlueLivesMatter #BackTheBlue Full Story: https:// buff.ly/2q4Pn5v pic.twitter.com/cgGevu172U";;;#BlueLivesMatter #BackTheBlue;"947532636884492288";https://twitter.com/bluelivesmtr/status/947532636884492288
RamiroEncerrado;2017-12-31 13:15;0;0;"The shooting happened at the Copper Canyon Apartments in Highlands Ranch. The landscaped apartment complex is 16 mi… https:// twitter.com/i/web/status/9 47499706363637760 …";;;;"947531657468358656";https://twitter.com/RamiroEncerrado/status/947531657468358656
EricNiehoff;2017-12-31 13:07;0;0;"That's crazy that there was a shooting at Copper Canyon apartments. That was my first apartment back in 2000.";;;;"947529542343704576";https://twitter.com/EricNiehoff/status/947529542343704576
gdlcolorado;2017-12-31 12:58;0;0;"The shooting happened at the Copper Canyon Apartments in Highlands Ranch. Residents in the vicinity were advised to stay inside and avoid exterior walls and windows.";;;;"947527499461701632";https://twitter.com/gdlcolorado/status/947527499461701632
gregk5464;2017-12-31 12:51;0;0;"1 Officer Dead, 5 Others Wounded In Shooting South Of Denver, Police Say http:// n.pr/2EoktrG . The officers were shot while responding to a domestic disturbance call at the Copper Canyon Apartments shortly before 6 a.m., according to the Sheriff's office. Two civilians...";;;;"947525715133718528";https://twitter.com/gregk5464/status/947525715133718528
LiveEdges;2017-12-31 12:34;0;0;"1 Deputy Killed, 4 Injured in Shooting South of Denver; Gunman Believed Dead: Officials https://www. google.com/url?rct=j&sa=t &url=http://ktla.com/2017/12/31/multiple-deputies-injured-in-shooting-south-of-denver/&ct=ga&cd=CAIyGjBkNTM1YTk5NWRkYWIwZDU6Y29tOmVuOlVT&usg=AFQjCNHwVagirzdeMZlEkNNRdw4qJ-RbUA … #SHELTERINPLACE #ALERT Residents in the area were ordered to shelter in place during the investigation. The incident occurred at the Copper Canyon Apartments in Highl…";;;#SHELTERINPLACE #ALERT;"947521278180814848";https://twitter.com/LiveEdges/status/947521278180814848
1032shotsfired;2017-12-31 12:19;0;0;"5 deputies shot, 1 fatally, in shooting near Denver The suspect was shot and believed to be dead. The sheriff's office tweeted he is believed to be "no longer a threat." ** Copper Canyon OIS Update**- Deputies responded to a domestic disturbance resulting… http:// ift.tt/2CgqysN";;;;"947517532788936704";https://twitter.com/1032shotsfired/status/947517532788936704
1032shotsfired;2017-12-31 12:19;0;0;"Sheriff's deputy killed, 4 other deputies injured in Colorado shooting ** Copper Canyon OIS Update**- Deputies responded to a domestic disturbance resulting in shots fired. 5 deputies shot by suspect. 1 deputy confirmed deceased. 2 civilians also shot by … http:// ift.tt/2zU2RQX";;;;"947517529622237185";https://twitter.com/1032shotsfired/status/947517529622237185
TheCanvasGuru;2017-12-31 12:10;0;0;"Copper Canyon Apts area, shut down due to that shooting .";;;;"947515315897950208";https://twitter.com/TheCanvasGuru/status/947515315897950208
NotOnThisWatch;2017-12-31 12:01;0;1;"Thoughts and prayers for all affected by this shooting this morning. . {tjg} ** Copper Canyon OIS Update**-... https:// fb.me/JhdnIyTg";;;;"947512938000138241";https://twitter.com/NotOnThisWatch/status/947512938000138241
larryryckman;2017-12-31 11:43;5;8;"Steven Silknitter lives in the Copper Canyon Apartments, where the shooting occurred. His fiancée heard “a barrage” of gunfire in the dark pic.twitter.com/RycEDpG6Yl";;;;"947508533607596032";https://twitter.com/larryryckman/status/947508533607596032
UsmanAnwar78;2017-12-31 11:26;0;0;"The shooting happened at the Copper Canyon Apartments in Highlands Ranch. The landscaped apartment complex is 16 miles south of Denver. http:// apne.ws/gwntwml";;;;"947504228595060737";https://twitter.com/UsmanAnwar78/status/947504228595060737
SMcK17;2017-12-31 11:26;0;0;"About a dozen emergency vehicles are still outside of the Copper Canyon apartments, after a shooting involving deputies this morning. pic.twitter.com/cR5lKsLk6n - @mattmauronews";;@mattmauronews;;"947504215303315457";https://twitter.com/SMcK17/status/947504215303315457
NewsCPR;2017-12-31 11:26;1;2;"Douglas County shooting update: The incident happened at the Copper Canyon Apartments in Highlands Ranch, a landscaped apartment complex 16 miles south of Denver. https:// buff.ly/2DFVwHg pic.twitter.com/mdMdcoq1g3";;;;"947504142146244609";https://twitter.com/NewsCPR/status/947504142146244609
mattmauronews;2017-12-31 11:22;13;5;"About a dozen emergency vehicles are still outside of the Copper Canyon apartments, after a shooting involving deputies this morning. @KDVR @channel2kwgn pic.twitter.com/FbByObNjEy";;@KDVR @channel2kwgn;;"947503278610309120";https://twitter.com/mattmauronews/status/947503278610309120
Mr_AlVil;2017-12-31 11:18;0;0;"The shooting happened at the Copper Canyon Apartments in Highlands Ranch. The landscaped apartment complex is 16 miles south of Denver. http:// apne.ws/gwntwml";;;;"947502236845903872";https://twitter.com/Mr_AlVil/status/947502236845903872
channel1america;2017-12-31 11:13;0;0;"AP reports The shooting happened at the Copper Canyon Apartments in Highlands Ranch. The landscaped apartment complex is 16 miles south of Denver. http:// apne.ws/gwntwml";;;;"947500930332839940";https://twitter.com/channel1america/status/947500930332839940
attadog9;2017-12-31 11:13;0;0;"The shooting happened at the Copper Canyon Apartments in Highlands Ranch. The landscaped apartment complex is 16 miles south of Denver. http:// apne.ws/gwntwml";;;;"947500921906442240";https://twitter.com/attadog9/status/947500921906442240
SocialLifeMiami;2017-12-31 11:13;0;0;"The shooting happened at the Copper Canyon Apartments in Highlands Ranch. The landscaped apartment complex is 16 miles south of Denver. http:// apne.ws/gwntwml";;;;"947500872623443968";https://twitter.com/SocialLifeMiami/status/947500872623443968
AP;2017-12-31 11:08;218;183;"The shooting happened at the Copper Canyon Apartments in Highlands Ranch. The landscaped apartment complex is 16 miles south of Denver. http:// apne.ws/gwntwml";;;;"947499706363637760";https://twitter.com/AP/status/947499706363637760
NicoleDenver7;2017-12-31 11:04;1;5;"#BREAKING Important update - Gunman is down after domestic incident/ shooting at Copper Canyon apartments off County Line rd. Multiple deputies injured. https:// twitter.com/denverchannel/ status/947497975659372544 …";;;#BREAKING;"947498622949646336";https://twitter.com/NicoleDenver7/status/947498622949646336
UtahsCW30;2017-12-31 10:53;0;0;"COLORADO SHOOTING UPDATE: Deputies responded to the Copper Canyon Apartments for a Domestic Dispute: During the... https:// fb.me/2qcCGsiYB";;;;"947495981108654080";https://twitter.com/UtahsCW30/status/947495981108654080
abc4utah;2017-12-31 10:53;2;8;"COLORADO SHOOTING UPDATE: Deputies responded to the Copper Canyon Apartments for a Domestic Dispute: During the Investigation, shots were fired and multiple deputies were injured. No status yet on the deputies or civilian injuries. http:// abcnews.go.com/US/multiple-de puties-active-situation-denver-area-residents-asked/story?id=52069187&cid=social_twitter_abcn …";;;;"947495952268627968";https://twitter.com/abc4utah/status/947495952268627968
UtahsCW30;2017-12-31 10:53;0;0;"COLORADO SHOOTING UPDATE: Deputies responded to the Copper Canyon Apartments for a Domestic Dispute: During the Investigation, shots were fired and multiple deputies were injured. No status yet on the deputies or civilian injuries. http:// abcnews.go.com/US/multiple-de puties-active-situation-denver-area-residents-asked/story?id=52069187&cid=social_twitter_abcn …";;;;"947495950922145792";https://twitter.com/UtahsCW30/status/947495950922145792
RealSaavedra;2017-12-31 10:52;21;26;"The shooting in Douglas County was at Copper Canyon apartments. People I talked to on the scene said they saw 1 person taken out in a body bag.";;;;"947495679404007424";https://twitter.com/RealSaavedra/status/947495679404007424
JettGoldsmith;2017-12-31 10:46;0;0;"Brand statement from Copper Canyon Apartments, the scene of the DV incident-turned- shooting of multiple police officers. On any other day, they'd be right. pic.twitter.com/EDup6UrPQL";;;;"947494110377545728";https://twitter.com/JettGoldsmith/status/947494110377545728
ConsumerSOS;2017-12-31 10:42;3;1;"NEW Colorado police just issued this update on shooting at Copper Canyon apartments. Saying multiple deputies “injured”. https:// twitter.com/dcsheriff/stat us/947491661181063173 …";;;;"947493251946287104";https://twitter.com/ConsumerSOS/status/947493251946287104