text
The,man,who,shot,and,killed,a,Colorado,sheriff,'s,deputy,streamed,live,video,of,himself,as,he,called,and,then,opened,his,apartment,door,and,talked,with,responding,officers,before,the,shooting,.
Deputy,killed,in,Colorado,apartment,complex,shooting,identified,as,father,of
Deputy,killed,in,Colorado,apartment,complex,shooting,identified,as,father,of
These,are,great,top,stories,Gunman,in,fatal,Colorado,shooting,posted,YouTube,video,calling,for,firing,of,sheriff,-,Authorities,in,suburban,Denver,were,investigating,what,led,a,-year-old,man,to,fire,more,than,rounds,in,his,apartment,on,sheriff,'s,...
Gunman,in,fatal,Colorado,shooting,posted,YouTube,video,calling,for,firing,of,sheriff,-,Authorities,in,suburban,Denver,were,investigating,what,led,a,-year-old,man,to,fire,more,than,rounds,in,his,apartment,on,sheriff,'s,deputies,",",killing,one,and,in,...
Police,Identify,Gunman,In,Ambush-Style,'',that,left,&,civilians,dead,",",and,two,civilians,dead,at,his,apartment,on,Sunday,.
Colorado,shooting,:,deputy,killed,in,gunfire,at,apartment,complex,-,Four,other,deputies,and,two,civilians,were,shot,and,wounded,by,the,unidentified,suspect,.
Colorado,shooting,:,deputy,killed,in,gunfire,at,apartment,complex,-,Four,other,deputies,and,two,civilians,were,shot,and,wounded,by,the,unidentified,suspect,.
Colorado,shooting,:,deputy,killed,in,gunfire,at,apartment,complex
Colorado,shooting,:,deputy,killed,in,gunfire,at,apartment,complex
Colorado,shooting,:,deputy,killed,in,gunfire,at,apartment,complex
Gunman,in,deadly,Colorado,deputy,shooting,identified,as,Iraq,War,vet,with,grudge,against,sheriff,-
:,officers,shot,",",killed,in,Colorado,shooting,-,Five,law,enforcement,officers,were,shot,and,one,of,them,killed,after,a,barricaded,suspect,opened,fire,at,an,apartment,complex,in,a,Denver,suburb,",",the,Douglas,County,Sheriff,said,Sunday,.
Deputy,killed,in,Douglas,County,apartment,complex,shooting,identified
Trent,Partridge,Five,deputies,shot,",",dead,in,shooting,-,One,officer,was,killed,and,four,others,were,wounded,in,a,shootout,at,an,apartment,complex,in,Highlands,Ranch,",",Colorado,.,Two,other,citizens,were,also,wounded,and,the,suspect,is,dead,",",Douglas,Coun,...
RIP,:,A,Douglas,County,",",Colorado,",",deputy,was,killed,and,four,others,were,wounded,in,a,shootout,at,a,Highlands,Ranch,apartment,complex,.,The,suspect,in,the,shooting,was,also,wounded,",",along,with,two,additional,civilians
Colorado,deputy,killed,deputies,and,civilians,wounded,domestic,dispute,'',apartment,complex,shooting
Procession,underway,for,deputy,killed,during,shooting,at,Colorado,apartment,complex,WATCH
Procession,underway,for,deputy,killed,during,shooting,at,Colorado,apartment,complex,WATCH,>,>,>
Deputy,killed,",",six,other,people,injured,after,shooting,at,Colorado,apartment,complex
Deputy,killed,",",six,other,people,injured,after,shooting,at,Colorado,apartment,complex
Multiple,sheriff,'s,deputies,injured,in,shooting,at,Colorado,apartment,block
One,deputy,is,dead,and,four,others,wounded,in,a,shooting,at,an,apartment,complex,in,Douglas,County,",",Colorado,.
Latest,on,the,Highlands,Ranch,",",Colorado,shooting,right,now,on,-,A,Sheriff,'s,Deputy,shot,dead,",",deputies,injured,",",civilians,injured,",",&,the,gunman,believed,to,be,dead,.,All,started,from,a,domestic,disturbance,call,at,an,apartment,complex,outside,of,Denver,.
Colorado,police,shooting,:,Police,deputy,dead,as,five,officers,shot,in,dramatic,shoot-out,-,A,POLICE,deputy,has,been,killed,after,five,officers,were,shot,in,a,dramatic,incident,at,an,apartment,block,.
Officer,Involved,Shooting,in,Colorado,when,police,responded,to,a,domestic,disturbance,call,at,an,apartment,complex,.,One,officer,dead,...
Story,via,JUST,IN,:,One,deputy,is,dead,and,four,others,wounded,in,apartment,complex,shooting,.,Authorities,says,gunman,was,shot,and,believed,to,be,dead,at,the,scene,...,''
Multiple,deputies,injured,in,shooting,at,Colorado,apartment,complex,...,Prayers,...
Meanwhile,",",in,Colorado,",",'several,deputies,are,down,',in,a,mass,shooting,at,an,apartment,complex,.,This,was,the,th,mass,shooting,in,.,How,many,do,you,remember,?,Here,'s,the,list
Update,via,UPDATE,:,Multiple,deputies,injured,in,shooting,at,Douglas,County,apartment,complex
UPDATE,:,Colorado,shooting,was,result,of,domestic,disturbance,investigation,at,apartment,complex,.,Emergency,shelter,set,up,for,displaced,residents,.
UPDATE,:,Colorado,shooting,was,result,of,domestic,disturbance,investigation,at,apartment,complex,.,Emergency,shelter,set,up,for,displaced,residents,.
:,Report,:,'Multiple,officers,down,',in,Sunday,morning,shooting,near,Denver,-,Authorities,in,Colorado,are,responding,to,a,shooting,Sunday,morning,involving,multiple,deputies,.,The,active,scene,is,reportedly,at,an,apartment,complex,near,Denver,.,...
UPDATE,:,Colorado,shooting,was,result,of,domestic,disturbance,investigation,at,apartment,complex,.,Emergency,shelter,set,up,for,displaced,residents,.
UPDATE,:,Colorado,shooting,was,result,of,domestic,disturbance,investigation,at,apartment,complex,.,Emergency,shelter,set,up,for,displaced,residents
UPDATE,:,Colorado,shooting,was,result,of,domestic,disturbance,investigation,at,apartment,complex,.,Emergency,shelter,set,up,for,displaced,residents
COLORADO,SHOOTING,UPDATE,:,Deputies,responded,to,the,Copper,Canyon,Apartments,for,a,Domestic,Dispute,:,During,the,...
COLORADO,SHOOTING,UPDATE,:,Deputies,responded,to,the,Copper,Canyon,Apartments,for,a,Domestic,Dispute,:,During,the,Investigation,",",shots,were,fired,and,multiple,deputies,were,injured,.,No,status,yet,on,the,deputies,or,civilian,injuries,.
COLORADO,SHOOTING,UPDATE,:,Deputies,responded,to,the,Copper,Canyon,Apartments,for,a,Domestic,Dispute,:,During,the,Investigation,",",shots,were,fired,and,multiple,deputies,were,injured,.,No,status,yet,on,the,deputies,or,civilian,injuries,.
Breaking,!,Several,officers,down,in,an,active,shooting,in,apartment,outside,Colorado
What,I,know,as,far,as,the,Colorado,incident,.,Multiple,deputies,shot,",",at,least,w/GSW,to,arm,",",w/GSW,to,chest,.,deputy,still,in,apartment,where,shooting,occurred,.,Unk,condition,.,A,couple,of,civilian,casualties,.,perp,with,automatic,weapon,according,to,transmissions,.
