text
Copper,Canyon,Apartment,Homes,shooting,``,:,views/day,",",%,complete,.
Douglas,County,shooting,:,The,events,that,led,to,tragedy,at,Copper,Canyon,:
We,are,learning,more,about,the,lengthy,history,the,Copper,Canyon,Shooting,suspect,had,with,local,police,.,Over,the,last,year,and,a,half,Matthew,Riehl,had,some,interaction,with,Lone,Tree,PD,six,times,.,Details,at,:30
Man,shot,in,Copper,Canyon,shooting,describes,ambush
Life,slowly,returning,to,normal,after,police,shooting,at,Copper,Canyon,apartments
Life,slowly,returning,to,normal,after,police,shooting,at,Copper,Canyon,apartments
Man,shot,in,Copper,Canyon,shooting,describes,ambush,via,Amanda,del,Castillo
Man,shot,in,Copper,Canyon,shooting,describes,ambush
Please,head,to,my,Facebook,and,consider,sending,a,contribution,to,the,Douglas,County,Sheriff,'s,department,",",any,donations,are,greatly,appreciated,after,Sunday,'s,shooting,at,Copper,Canyon,Apartments,.
Someone,created,a,Wikipedia,article,about,Copper,Canyon,Apartment,Homes,shooting,``,.,Help,eand,it,!
Copper,Canyon,Apartments,Officer,Involved,Shooting
Copper,Canyon,Shooting,:,People,Shot,",",Including,Deputies,",",Killed,-,Blue,Lives,Matter
We,know,more,about,the,Copper,Canyon,shooting,than,we,know,about,Mandalay,Bay,which,happened,three,months,ago,.
Copper,Canyon,Apartments,Officer,Involved,Shooting,-,Douglas,County,Government
Copper,Canyon,Shooting,:,People,Shot,",",Including,Deputies,",",Killed,-,Blue,Lives,Matter
NEW,PHOTOS/INFO,:,continues,to,investigate,fatal,early,morning,shooting,at,Copper,Canyon,Apartments,.,County,Line,Rd,.,has,been,reopened,.,Coming,up,/10,:,video,from,a,resident,of,the,shootout/response,.
I,have,many,friends,with,DCSO,.,They,are,amazing,people,.,Please,consider,donating,to,the,Douglas,County,Fallen,Officer,'s,Fund,to,help,the,deputies,involved,in,today,'s,shooting,tragedy,Canyon,in,Highlands,Ranch,.
PoliticalShort,RT,RealSaavedra,:,NEW,PHOTOS,:,Photos,from,inside,Copper,Canyon,where,the,shooting,happened,in,Douglas,County.,``,''
Prayers,RT,:,Copper,Canyon,Shooting,:,People,Shot,",",Including,Deputies,",",Killed,Full,Story,:
NEW,PHOTOS,:,Photos,from,inside,Copper,Canyon,where,the,shooting,happened,in,Douglas,County,.
Copper,Canyon,Shooting,:,People,Shot,",",Including,Deputies,",",Killed,Full,Story,:
That,'s,crazy,that,there,was,a,shooting,at,Copper,Canyon,apartments,.,That,was,my,first,apartment,back,in,.
The,shooting,happened,at,the,Copper,Canyon,Apartments,in,Highlands,Ranch,.,Residents,in,the,vicinity,were,advised,to,stay,inside,and,avoid,exterior,walls,and,windows,.
Officer,Dead,",",Others,Wounded,In,Shooting,South,Of,Denver,",",Police,Say
Copper,Canyon,Apts,area,",",shut,down,due,to,that,shooting,.
Thoughts,and,prayers,for,all,affected,by,this,shooting,this,morning,.,.,{,tjg,},**,Copper,Canyon,OIS,Update**-,...
The,shooting,happened,at,the,Copper,Canyon,Apartments,in,Highlands,Ranch,.,The,landscaped,apartment,complex,is,miles,south,of,Denver,.
About,a,dozen,emergency,vehicles,are,still,outside,of,the,Copper,Canyon,apartments,",",after,a,shooting,involving,deputies,this,morning,.,-
Douglas,County,shooting,update,:,The,incident,happened,at,the,Copper,Canyon,Apartments,in,Highlands,Ranch,",",a,landscaped,apartment,complex,miles,south,of,Denver,.
About,a,dozen,emergency,vehicles,are,still,outside,of,the,Copper,Canyon,apartments,",",after,a,shooting,involving,deputies,this,morning,.
The,shooting,happened,at,the,Copper,Canyon,Apartments,in,Highlands,Ranch,.,The,landscaped,apartment,complex,is,miles,south,of,Denver,.
AP,reports,The,shooting,happened,at,the,Copper,Canyon,Apartments,in,Highlands,Ranch,.,The,landscaped,apartment,complex,is,miles,south,of,Denver,.
The,shooting,happened,at,the,Copper,Canyon,Apartments,in,Highlands,Ranch,.,The,landscaped,apartment,complex,is,miles,south,of,Denver,.
The,shooting,happened,at,the,Copper,Canyon,Apartments,in,Highlands,Ranch,.,The,landscaped,apartment,complex,is,miles,south,of,Denver,.
The,shooting,happened,at,the,Copper,Canyon,Apartments,in,Highlands,Ranch,.,The,landscaped,apartment,complex,is,miles,south,of,Denver,.
Important,update,-,Gunman,is,down,after,domestic,incident/,shooting,at,Copper,Canyon,apartments,off,County,Line,rd,.,Multiple,deputies,injured,.
COLORADO,SHOOTING,UPDATE,:,Deputies,responded,to,the,Copper,Canyon,Apartments,for,a,Domestic,Dispute,:,During,the,...
COLORADO,SHOOTING,UPDATE,:,Deputies,responded,to,the,Copper,Canyon,Apartments,for,a,Domestic,Dispute,:,During,the,Investigation,",",shots,were,fired,and,multiple,deputies,were,injured,.,No,status,yet,on,the,deputies,or,civilian,injuries,.
COLORADO,SHOOTING,UPDATE,:,Deputies,responded,to,the,Copper,Canyon,Apartments,for,a,Domestic,Dispute,:,During,the,Investigation,",",shots,were,fired,and,multiple,deputies,were,injured,.,No,status,yet,on,the,deputies,or,civilian,injuries,.
The,shooting,in,Douglas,County,was,at,Copper,Canyon,apartments,.,People,I,talked,to,on,the,scene,said,they,saw,person,taken,out,in,a,body,bag,.
Brand,statement,from,Copper,Canyon,Apartments,",",the,scene,of,the,DV,incident-turned-,shooting,of,multiple,police,officers,.,On,any,other,day,",",they,'d,be,right,.
